environment,grid_id,contract_type,total_scores,total_accuracy,gini_coefficient,max_possible_score,total_trades_proposed,total_trades_proposed_0,total_trades_proposed_1,total_trades_accepted,total_trades_accepted_0,total_trades_accepted_1,total_trades_rejected,total_trades_rejected_0,total_trades_rejected_1,amount_received_by_0_from_trades,amount_received_by_1_from_trades,total_trades_failed,total_p4p_arrangements_proposed,total_p4p_arrangements_proposed_0,total_p4p_arrangements_proposed_1,total_p4p_arrangements_accepted,total_p4p_arrangements_accepted_0,total_p4p_arrangements_accepted_1,total_p4p_arrangements_rejected,total_p4p_arrangements_rejected_0,total_p4p_arrangements_rejected_1,total_p4p_promises_kept,total_p4p_promises_kept_0,total_p4p_promises_kept_1,total_p4p_promises_broken,total_p4p_promises_broken_0,total_p4p_promises_broken_1,total_p4p_amounts_promised_to_receive,total_p4p_amounts_promised_to_receive_0,total_p4p_amounts_promised_to_receive_1,total_p4p_amounts_received,total_p4p_amounts_received_0,total_p4p_amounts_received_1,contract_accepted,contract_negotiaion_length,num_tiles_in_contract,num_tiles_promised_to_receive_from_contract_0,num_tiles_promised_to_receive_from_contract_1,moves_made_under_strict_contract_0,moves_made_under_strict_contract_1,contract_moves_blocked_by_partner_shortfall_0,contract_moves_blocked_by_partner_shortfall_1,points_for_completion_promised_to_0,points_for_completion_promised_to_1,format_errors_total,format_errors_by_type,format_errors_by_player,format_errors_by_turn
needy,grid_110,strict contract,140.0,1.0,0.03571428571428581,140.0,0.0,0.0,0.0,0.0,0.0,0.0,0.0,0.0,0.0,0.0,0.0,0.0,0.0,0.0,0.0,0.0,0.0,0.0,0.0,0.0,0.0,0.0,0.0,0.0,0.0,0.0,0.0,0.0,0.0,0.0,0.0,0.0,0.0,1.0,2.0,2.0,1.0,1.0,0.0,1.0,1.0,0.0,0.0,0.0,0.0,{},{},{}
needy,grid_110,judge implementation,70.0,0.5,0.5,140.0,0.0,0.0,0.0,0.0,0.0,0.0,0.0,0.0,0.0,0.0,0.0,0.0,7.0,0.0,7.0,0.0,0.0,0.0,7.0,7.0,0.0,0.0,0.0,0.0,0.0,0.0,0.0,0.0,0.0,0.0,0.0,0.0,0.0,0.0,0.0,0.0,0.0,0.0,0.0,0.0,0.0,0.0,0.0,0.0,0.0,{},{},{}
needy,grid_110,contract for finishing,70.0,0.5,0.5,140.0,0.0,0.0,0.0,0.0,0.0,0.0,0.0,0.0,0.0,0.0,0.0,0.0,7.0,0.0,7.0,0.0,0.0,0.0,7.0,7.0,0.0,0.0,0.0,0.0,0.0,0.0,0.0,0.0,0.0,0.0,0.0,0.0,0.0,1.0,2.0,,0.0,0.0,0.0,0.0,0.0,0.0,0.0,0.0,0.0,{},{},{}
needy,grid_107,strict contract,70.0,0.5,0.5,140.0,0.0,0.0,0.0,0.0,0.0,0.0,0.0,0.0,0.0,0.0,0.0,0.0,5.0,0.0,5.0,0.0,0.0,0.0,5.0,5.0,0.0,0.0,0.0,0.0,0.0,0.0,0.0,0.0,0.0,0.0,0.0,0.0,0.0,0.0,0.0,0.0,0.0,0.0,0.0,0.0,0.0,0.0,0.0,0.0,0.0,{},{},{}
needy,grid_107,judge implementation,140.0,1.0,0.1071428571428572,140.0,0.0,0.0,0.0,0.0,0.0,0.0,0.0,0.0,0.0,0.0,0.0,0.0,0.0,0.0,0.0,0.0,0.0,0.0,0.0,0.0,0.0,0.0,0.0,0.0,0.0,0.0,0.0,0.0,0.0,0.0,0.0,0.0,0.0,1.0,2.0,,0.0,0.0,4.0,1.0,0.0,0.0,0.0,0.0,0.0,{},{},{}
needy,grid_107,contract for finishing,70.0,0.5,0.5,140.0,0.0,0.0,0.0,0.0,0.0,0.0,0.0,0.0,0.0,0.0,0.0,0.0,5.0,0.0,5.0,0.0,0.0,0.0,5.0,5.0,0.0,0.0,0.0,0.0,0.0,0.0,0.0,0.0,0.0,0.0,0.0,0.0,0.0,1.0,2.0,,0.0,0.0,0.0,0.0,0.0,0.0,20.0,0.0,0.0,{},{},{}
needy,grid_141,strict contract,,,,,,,,,,,,,,,,,,,,,,,,,,,,,,,,,,,,,,,,,,,,,,,,,,,,
needy,grid_141,strict contract,140.0,1.0,0.0714285714285714,140.0,0.0,0.0,0.0,0.0,0.0,0.0,0.0,0.0,0.0,0.0,0.0,0.0,1.0,0.0,1.0,0.0,0.0,0.0,1.0,1.0,0.0,0.0,0.0,0.0,0.0,0.0,0.0,0.0,0.0,0.0,0.0,0.0,0.0,1.0,2.0,5.0,3.0,2.0,0.0,2.0,0.0,0.0,0.0,0.0,0.0,{},{},{}
needy,grid_141,judge implementation,0.0,0.0,0.0,140.0,0.0,0.0,0.0,0.0,0.0,0.0,0.0,0.0,0.0,0.0,0.0,0.0,0.0,0.0,0.0,0.0,0.0,0.0,0.0,0.0,0.0,0.0,0.0,0.0,0.0,0.0,0.0,0.0,0.0,0.0,0.0,0.0,0.0,1.0,2.0,,0.0,0.0,0.0,0.0,0.0,0.0,0.0,0.0,0.0,{},{},{}
needy,grid_141,judge implementation,,,,,,,,,,,,,,,,,,,,,,,,,,,,,,,,,,,,,,,,,,,,,,,,,,,,
needy,grid_141,contract for finishing,70.0,0.5,0.5,140.0,0.0,0.0,0.0,0.0,0.0,0.0,0.0,0.0,0.0,0.0,0.0,0.0,7.0,0.0,7.0,0.0,0.0,0.0,7.0,7.0,0.0,0.0,0.0,0.0,0.0,0.0,0.0,0.0,0.0,0.0,0.0,0.0,0.0,1.0,3.0,,0.0,0.0,0.0,0.0,0.0,0.0,14.0,0.0,0.0,{},{},{}
needy,grid_141,contract for finishing,,,,,,,,,,,,,,,,,,,,,,,,,,,,,,,,,,,,,,,,,,,,,,,,,,,,
needy,grid_104,strict contract,140.0,1.0,0.0,140.0,0.0,0.0,0.0,0.0,0.0,0.0,0.0,0.0,0.0,0.0,0.0,0.0,1.0,0.0,1.0,0.0,0.0,0.0,1.0,1.0,0.0,0.0,0.0,0.0,0.0,0.0,0.0,0.0,0.0,0.0,0.0,0.0,0.0,1.0,2.0,2.0,1.0,1.0,1.0,1.0,0.0,0.0,0.0,0.0,0.0,{},{},{}
needy,grid_104,judge implementation,140.0,1.0,0.1785714285714286,140.0,0.0,0.0,0.0,0.0,0.0,0.0,0.0,0.0,0.0,0.0,0.0,0.0,0.0,0.0,0.0,0.0,0.0,0.0,0.0,0.0,0.0,0.0,0.0,0.0,0.0,0.0,0.0,0.0,0.0,0.0,0.0,0.0,0.0,1.0,2.0,,0.0,0.0,0.0,5.0,0.0,0.0,0.0,0.0,0.0,{},{},{}
needy,grid_104,contract for finishing,70.0,0.5,0.5,140.0,0.0,0.0,0.0,0.0,0.0,0.0,0.0,0.0,0.0,0.0,0.0,0.0,8.0,0.0,8.0,0.0,0.0,0.0,8.0,8.0,0.0,0.0,0.0,0.0,0.0,0.0,0.0,0.0,0.0,0.0,0.0,0.0,0.0,1.0,2.0,,0.0,0.0,0.0,0.0,0.0,0.0,0.0,0.0,0.0,{},{},{}
needy,grid_121,strict contract,140.0,1.0,0.03571428571428581,140.0,0.0,0.0,0.0,0.0,0.0,0.0,0.0,0.0,0.0,0.0,0.0,0.0,0.0,0.0,0.0,0.0,0.0,0.0,0.0,0.0,0.0,0.0,0.0,0.0,0.0,0.0,0.0,0.0,0.0,0.0,0.0,0.0,0.0,1.0,3.0,5.0,4.0,1.0,0.0,1.0,0.0,0.0,0.0,0.0,0.0,{},{},{}
needy,grid_121,judge implementation,140.0,1.0,0.0714285714285714,140.0,0.0,0.0,0.0,0.0,0.0,0.0,0.0,0.0,0.0,0.0,0.0,0.0,0.0,0.0,0.0,0.0,0.0,0.0,0.0,0.0,0.0,0.0,0.0,0.0,0.0,0.0,0.0,0.0,0.0,0.0,0.0,0.0,0.0,1.0,2.0,,0.0,0.0,3.0,1.0,0.0,1.0,0.0,0.0,0.0,{},{},{}
needy,grid_121,contract for finishing,70.0,0.5,0.5,140.0,0.0,0.0,0.0,0.0,0.0,0.0,0.0,0.0,0.0,0.0,0.0,0.0,7.0,0.0,7.0,0.0,0.0,0.0,7.0,7.0,0.0,0.0,0.0,0.0,0.0,0.0,0.0,0.0,0.0,0.0,0.0,0.0,0.0,1.0,2.0,,0.0,0.0,0.0,0.0,0.0,0.0,0.0,0.0,0.0,{},{},{}
needy,grid_124,strict contract,140.0,1.0,0.0714285714285714,140.0,0.0,0.0,0.0,0.0,0.0,0.0,0.0,0.0,0.0,0.0,0.0,0.0,2.0,0.0,2.0,0.0,0.0,0.0,2.0,2.0,0.0,0.0,0.0,0.0,0.0,0.0,0.0,0.0,0.0,0.0,0.0,0.0,0.0,1.0,2.0,3.0,1.0,2.0,0.0,2.0,1.0,0.0,0.0,0.0,0.0,{},{},{}
needy,grid_124,judge implementation,70.0,0.5,0.5,140.0,0.0,0.0,0.0,0.0,0.0,0.0,0.0,0.0,0.0,0.0,0.0,0.0,0.0,0.0,0.0,0.0,0.0,0.0,0.0,0.0,0.0,0.0,0.0,0.0,0.0,0.0,0.0,0.0,0.0,0.0,0.0,0.0,0.0,1.0,4.0,,0.0,0.0,0.0,0.0,0.0,0.0,0.0,0.0,0.0,{},{},{}
needy,grid_124,contract for finishing,70.0,0.5,0.48571428571428577,140.0,0.0,0.0,0.0,0.0,0.0,0.0,0.0,0.0,0.0,0.0,0.0,0.0,6.0,0.0,6.0,0.0,0.0,0.0,6.0,6.0,0.0,0.0,0.0,0.0,0.0,0.0,0.0,0.0,0.0,0.0,0.0,0.0,0.0,1.0,3.0,,0.0,0.0,0.0,0.0,0.0,0.0,1.0,1.0,0.0,{},{},{}
needy,grid_123,strict contract,70.0,0.5,0.5,140.0,0.0,0.0,0.0,0.0,0.0,0.0,0.0,0.0,0.0,0.0,0.0,0.0,7.0,0.0,7.0,0.0,0.0,0.0,7.0,7.0,0.0,0.0,0.0,0.0,0.0,0.0,0.0,0.0,0.0,0.0,0.0,0.0,0.0,1.0,2.0,0.0,0.0,0.0,0.0,0.0,0.0,0.0,0.0,0.0,0.0,{},{},{}
needy,grid_123,judge implementation,70.0,0.5,0.5,140.0,0.0,0.0,0.0,0.0,0.0,0.0,0.0,0.0,0.0,0.0,0.0,0.0,7.0,0.0,7.0,0.0,0.0,0.0,7.0,7.0,0.0,0.0,0.0,0.0,0.0,0.0,0.0,0.0,0.0,0.0,0.0,0.0,0.0,0.0,0.0,0.0,0.0,0.0,0.0,0.0,0.0,0.0,0.0,0.0,0.0,{},{},{}
needy,grid_123,contract for finishing,70.0,0.5,0.5,140.0,0.0,0.0,0.0,0.0,0.0,0.0,0.0,0.0,0.0,0.0,0.0,0.0,8.0,0.0,8.0,0.0,0.0,0.0,8.0,8.0,0.0,0.0,0.0,0.0,0.0,0.0,0.0,0.0,0.0,0.0,0.0,0.0,0.0,1.0,3.0,,0.0,0.0,0.0,0.0,0.0,0.0,0.0,0.0,0.0,{},{},{}
needy,grid_128,strict contract,65.0,0.4642857142857143,0.5,140.0,0.0,0.0,0.0,0.0,0.0,0.0,0.0,0.0,0.0,0.0,0.0,0.0,4.0,0.0,4.0,0.0,0.0,0.0,4.0,4.0,0.0,0.0,0.0,0.0,0.0,0.0,0.0,0.0,0.0,0.0,0.0,0.0,0.0,1.0,2.0,2.0,1.0,1.0,0.0,1.0,1.0,0.0,0.0,0.0,1.0,{'trade_parse_error': 1},{'1': {'trade_parse_error': 1}},{'7': {'trade_parse_error': 1}}
needy,grid_128,judge implementation,130.0,0.9285714285714286,0.03846153846153855,140.0,0.0,0.0,0.0,0.0,0.0,0.0,0.0,0.0,0.0,0.0,0.0,0.0,0.0,0.0,0.0,0.0,0.0,0.0,0.0,0.0,0.0,0.0,0.0,0.0,0.0,0.0,0.0,0.0,0.0,0.0,0.0,0.0,0.0,1.0,2.0,,0.0,0.0,0.0,2.0,0.0,0.0,0.0,0.0,0.0,{},{},{}
needy,grid_128,contract for finishing,70.0,0.5,0.47142857142857153,140.0,0.0,0.0,0.0,0.0,0.0,0.0,0.0,0.0,0.0,0.0,0.0,0.0,8.0,0.0,8.0,0.0,0.0,0.0,8.0,8.0,0.0,0.0,0.0,0.0,0.0,0.0,0.0,0.0,0.0,0.0,0.0,0.0,0.0,1.0,2.0,,0.0,0.0,0.0,0.0,0.0,0.0,18.0,2.0,0.0,{},{},{}
needy,grid_140,strict contract,65.0,0.4642857142857143,0.5,140.0,0.0,0.0,0.0,0.0,0.0,0.0,0.0,0.0,0.0,0.0,0.0,0.0,2.0,0.0,2.0,0.0,0.0,0.0,2.0,2.0,0.0,0.0,0.0,0.0,0.0,0.0,0.0,0.0,0.0,0.0,0.0,0.0,0.0,1.0,2.0,6.0,3.0,3.0,0.0,1.0,0.0,0.0,0.0,0.0,6.0,"{'api_error_move': 4, 'api_error_trade_proposal': 2}","{'1': {'api_error_move': 3, 'api_error_trade_proposal': 1}, '0': {'api_error_move': 1, 'api_error_trade_proposal': 1}}","{'2': {'api_error_move': 1, 'api_error_trade_proposal': 1}, '3': {'api_error_move': 1}, '5': {'api_error_trade_proposal': 1}, '6': {'api_error_move': 1}, '7': {'api_error_move': 1}}"
needy,grid_140,judge implementation,140.0,1.0,0.0,140.0,0.0,0.0,0.0,0.0,0.0,0.0,0.0,0.0,0.0,0.0,0.0,0.0,0.0,0.0,0.0,0.0,0.0,0.0,0.0,0.0,0.0,0.0,0.0,0.0,0.0,0.0,0.0,0.0,0.0,0.0,0.0,0.0,0.0,1.0,3.0,,0.0,0.0,2.0,2.0,0.0,0.0,0.0,0.0,0.0,{},{},{}
needy,grid_140,judge implementation,,,,,,,,,,,,,,,,,,,,,,,,,,,,,,,,,,,,,,,,,,,,,,,,,,,,
needy,grid_140,contract for finishing,,,,,,,,,,,,,,,,,,,,,,,,,,,,,,,,,,,,,,,,,,,,,,,,,,,,
needy,grid_140,contract for finishing,70.0,0.5,0.5,140.0,0.0,0.0,0.0,0.0,0.0,0.0,0.0,0.0,0.0,0.0,0.0,0.0,7.0,0.0,7.0,0.0,0.0,0.0,7.0,7.0,0.0,0.0,0.0,0.0,0.0,0.0,0.0,0.0,0.0,0.0,0.0,0.0,0.0,1.0,2.0,,0.0,0.0,0.0,0.0,0.0,0.0,0.0,0.0,0.0,{},{},{}
needy,grid_118,strict contract,140.0,1.0,0.03571428571428581,140.0,0.0,0.0,0.0,0.0,0.0,0.0,0.0,0.0,0.0,0.0,0.0,0.0,3.0,0.0,3.0,0.0,0.0,0.0,3.0,3.0,0.0,0.0,0.0,0.0,0.0,0.0,0.0,0.0,0.0,0.0,0.0,0.0,0.0,1.0,3.0,2.0,1.0,1.0,0.0,1.0,0.0,0.0,0.0,0.0,0.0,{},{},{}
needy,grid_118,judge implementation,140.0,1.0,0.03571428571428581,140.0,0.0,0.0,0.0,0.0,0.0,0.0,0.0,0.0,0.0,0.0,0.0,0.0,0.0,0.0,0.0,0.0,0.0,0.0,0.0,0.0,0.0,0.0,0.0,0.0,0.0,0.0,0.0,0.0,0.0,0.0,0.0,0.0,0.0,1.0,2.0,,0.0,0.0,2.0,1.0,0.0,0.0,0.0,0.0,0.0,{},{},{}
needy,grid_118,contract for finishing,70.0,0.5,0.5,140.0,0.0,0.0,0.0,0.0,0.0,0.0,0.0,0.0,0.0,0.0,0.0,0.0,8.0,0.0,8.0,0.0,0.0,0.0,8.0,8.0,0.0,0.0,0.0,0.0,0.0,0.0,0.0,0.0,0.0,0.0,0.0,0.0,0.0,1.0,2.0,,0.0,0.0,0.0,0.0,0.0,0.0,5.0,0.0,2.0,"{'move_not_adjacent': 1, 'trade_parse_error': 1}","{'1': {'move_not_adjacent': 1, 'trade_parse_error': 1}}","{'2': {'move_not_adjacent': 1}, '9': {'trade_parse_error': 1}}"
needy,grid_143,strict contract,140.0,1.0,0.0714285714285714,140.0,0.0,0.0,0.0,0.0,0.0,0.0,0.0,0.0,0.0,0.0,0.0,0.0,2.0,0.0,2.0,0.0,0.0,0.0,2.0,2.0,0.0,0.0,0.0,0.0,0.0,0.0,0.0,0.0,0.0,0.0,0.0,0.0,0.0,1.0,2.0,5.0,3.0,2.0,0.0,2.0,0.0,0.0,0.0,0.0,0.0,{},{},{}
needy,grid_143,judge implementation,70.0,0.5,0.5,140.0,0.0,0.0,0.0,0.0,0.0,0.0,0.0,0.0,0.0,0.0,0.0,0.0,8.0,0.0,8.0,0.0,0.0,0.0,8.0,8.0,0.0,0.0,0.0,0.0,0.0,0.0,0.0,0.0,0.0,0.0,0.0,0.0,0.0,0.0,0.0,0.0,0.0,0.0,0.0,0.0,0.0,0.0,0.0,0.0,0.0,{},{},{}
needy,grid_143,contract for finishing,70.0,0.5,0.44285714285714284,140.0,0.0,0.0,0.0,0.0,0.0,0.0,0.0,0.0,0.0,0.0,0.0,1.0,5.0,0.0,5.0,0.0,0.0,0.0,5.0,5.0,0.0,0.0,0.0,0.0,0.0,0.0,0.0,0.0,0.0,0.0,0.0,0.0,0.0,1.0,3.0,,0.0,0.0,0.0,0.0,0.0,0.0,6.0,4.0,1.0,{'trade_validation_failed': 1},{'1': {'trade_validation_failed': 1}},{'0': {'trade_validation_failed': 1}}
needy,grid_109,strict contract,140.0,1.0,0.0,140.0,0.0,0.0,0.0,0.0,0.0,0.0,0.0,0.0,0.0,0.0,0.0,0.0,1.0,0.0,1.0,1.0,1.0,0.0,0.0,0.0,0.0,0.0,0.0,0.0,0.0,0.0,0.0,2.0,1.0,1.0,0.0,0.0,0.0,1.0,2.0,2.0,1.0,1.0,1.0,1.0,0.0,0.0,0.0,0.0,0.0,{},{},{}
needy,grid_109,judge implementation,140.0,1.0,0.0,140.0,0.0,0.0,0.0,0.0,0.0,0.0,0.0,0.0,0.0,0.0,0.0,0.0,0.0,0.0,0.0,0.0,0.0,0.0,0.0,0.0,0.0,0.0,0.0,0.0,0.0,0.0,0.0,0.0,0.0,0.0,0.0,0.0,0.0,1.0,3.0,,0.0,0.0,1.0,1.0,0.0,1.0,0.0,0.0,0.0,{},{},{}
needy,grid_109,contract for finishing,70.0,0.5,0.5,140.0,0.0,0.0,0.0,0.0,0.0,0.0,0.0,0.0,0.0,0.0,0.0,0.0,6.0,0.0,6.0,0.0,0.0,0.0,6.0,6.0,0.0,0.0,0.0,0.0,0.0,0.0,0.0,0.0,0.0,0.0,0.0,0.0,0.0,1.0,2.0,,0.0,0.0,0.0,0.0,0.0,0.0,20.0,0.0,0.0,{},{},{}
needy,grid_106,strict contract,70.0,0.5,0.5,140.0,0.0,0.0,0.0,0.0,0.0,0.0,0.0,0.0,0.0,0.0,0.0,0.0,7.0,0.0,7.0,0.0,0.0,0.0,7.0,7.0,0.0,0.0,0.0,0.0,0.0,0.0,0.0,0.0,0.0,0.0,0.0,0.0,0.0,0.0,2.0,0.0,0.0,0.0,0.0,0.0,0.0,0.0,0.0,0.0,0.0,{},{},{}
needy,grid_106,judge implementation,75.0,0.5357142857142857,0.5,140.0,0.0,0.0,0.0,0.0,0.0,0.0,0.0,0.0,0.0,0.0,0.0,0.0,0.0,0.0,0.0,0.0,0.0,0.0,0.0,0.0,0.0,0.0,0.0,0.0,0.0,0.0,0.0,0.0,0.0,0.0,0.0,0.0,0.0,1.0,2.0,,0.0,0.0,1.0,0.0,1.0,0.0,0.0,0.0,0.0,{},{},{}
needy,grid_106,contract for finishing,70.0,0.5,0.5,140.0,0.0,0.0,0.0,0.0,0.0,0.0,0.0,0.0,0.0,0.0,0.0,0.0,6.0,0.0,6.0,0.0,0.0,0.0,6.0,6.0,0.0,0.0,0.0,0.0,0.0,0.0,0.0,0.0,0.0,0.0,0.0,0.0,0.0,1.0,3.0,,0.0,0.0,0.0,0.0,0.0,0.0,10.0,0.0,0.0,{},{},{}
needy,grid_111,strict contract,70.0,0.5,0.5,140.0,0.0,0.0,0.0,0.0,0.0,0.0,0.0,0.0,0.0,0.0,0.0,0.0,7.0,0.0,7.0,0.0,0.0,0.0,7.0,7.0,0.0,0.0,0.0,0.0,0.0,0.0,0.0,0.0,0.0,0.0,0.0,0.0,0.0,0.0,3.0,0.0,0.0,0.0,0.0,0.0,0.0,0.0,0.0,0.0,0.0,{},{},{}
needy,grid_111,judge implementation,70.0,0.5,0.5,140.0,0.0,0.0,0.0,0.0,0.0,0.0,0.0,0.0,0.0,0.0,0.0,0.0,0.0,0.0,0.0,0.0,0.0,0.0,0.0,0.0,0.0,0.0,0.0,0.0,0.0,0.0,0.0,0.0,0.0,0.0,0.0,0.0,0.0,1.0,4.0,,0.0,0.0,0.0,0.0,0.0,0.0,0.0,0.0,0.0,{},{},{}
needy,grid_111,contract for finishing,70.0,0.5,0.5,140.0,0.0,0.0,0.0,0.0,0.0,0.0,0.0,0.0,0.0,0.0,0.0,0.0,6.0,0.0,6.0,0.0,0.0,0.0,6.0,6.0,0.0,0.0,0.0,0.0,0.0,0.0,0.0,0.0,0.0,0.0,0.0,0.0,0.0,1.0,3.0,,0.0,0.0,0.0,0.0,0.0,0.0,20.0,0.0,0.0,{},{},{}
needy,grid_130,strict contract,65.0,0.4642857142857143,0.5,140.0,0.0,0.0,0.0,0.0,0.0,0.0,0.0,0.0,0.0,0.0,0.0,0.0,3.0,0.0,3.0,0.0,0.0,0.0,3.0,3.0,0.0,0.0,0.0,0.0,0.0,0.0,0.0,0.0,0.0,0.0,0.0,0.0,0.0,1.0,2.0,4.0,3.0,1.0,0.0,1.0,0.0,0.0,0.0,0.0,0.0,{},{},{}
needy,grid_130,judge implementation,70.0,0.5,0.5,140.0,0.0,0.0,0.0,0.0,0.0,0.0,0.0,0.0,0.0,0.0,0.0,0.0,6.0,0.0,6.0,0.0,0.0,0.0,6.0,6.0,0.0,0.0,0.0,0.0,0.0,0.0,0.0,0.0,0.0,0.0,0.0,0.0,0.0,0.0,0.0,0.0,0.0,0.0,0.0,0.0,0.0,0.0,0.0,0.0,0.0,{},{},{}
needy,grid_130,contract for finishing,70.0,0.5,0.5,140.0,0.0,0.0,0.0,0.0,0.0,0.0,0.0,0.0,0.0,0.0,0.0,0.0,8.0,0.0,8.0,0.0,0.0,0.0,8.0,8.0,0.0,0.0,0.0,0.0,0.0,0.0,0.0,0.0,0.0,0.0,0.0,0.0,0.0,1.0,2.0,,0.0,0.0,0.0,0.0,0.0,0.0,0.0,0.0,0.0,{},{},{}
needy,grid_137,strict contract,140.0,1.0,0.1071428571428572,140.0,0.0,0.0,0.0,0.0,0.0,0.0,0.0,0.0,0.0,0.0,0.0,0.0,1.0,0.0,1.0,0.0,0.0,0.0,1.0,1.0,0.0,0.0,0.0,0.0,0.0,0.0,0.0,0.0,0.0,0.0,0.0,0.0,0.0,1.0,2.0,6.0,3.0,3.0,0.0,3.0,0.0,0.0,0.0,0.0,0.0,{},{},{}
needy,grid_137,judge implementation,70.0,0.5,0.5,140.0,0.0,0.0,0.0,0.0,0.0,0.0,0.0,0.0,0.0,0.0,0.0,0.0,0.0,0.0,0.0,0.0,0.0,0.0,0.0,0.0,0.0,0.0,0.0,0.0,0.0,0.0,0.0,0.0,0.0,0.0,0.0,0.0,0.0,1.0,3.0,,0.0,0.0,0.0,0.0,0.0,0.0,0.0,0.0,3.0,{'move_not_adjacent': 3},{'1': {'move_not_adjacent': 3}},"{'1': {'move_not_adjacent': 1}, '3': {'move_not_adjacent': 1}, '7': {'move_not_adjacent': 1}}"
needy,grid_137,contract for finishing,70.0,0.5,0.5,140.0,0.0,0.0,0.0,0.0,0.0,0.0,0.0,0.0,0.0,0.0,0.0,0.0,7.0,0.0,7.0,0.0,0.0,0.0,7.0,7.0,0.0,0.0,0.0,0.0,0.0,0.0,0.0,0.0,0.0,0.0,0.0,0.0,0.0,1.0,2.0,,0.0,0.0,0.0,0.0,0.0,0.0,20.0,0.0,0.0,{},{},{}
needy,grid_125,strict contract,140.0,1.0,0.0714285714285714,140.0,0.0,0.0,0.0,0.0,0.0,0.0,0.0,0.0,0.0,0.0,0.0,0.0,0.0,0.0,0.0,0.0,0.0,0.0,0.0,0.0,0.0,0.0,0.0,0.0,0.0,0.0,0.0,0.0,0.0,0.0,0.0,0.0,0.0,1.0,2.0,6.0,3.0,3.0,0.0,2.0,0.0,0.0,0.0,0.0,0.0,{},{},{}
needy,grid_125,judge implementation,70.0,0.5,0.5,140.0,0.0,0.0,0.0,0.0,0.0,0.0,0.0,0.0,0.0,0.0,0.0,0.0,5.0,0.0,5.0,0.0,0.0,0.0,5.0,5.0,0.0,0.0,0.0,0.0,0.0,0.0,0.0,0.0,0.0,0.0,0.0,0.0,0.0,0.0,0.0,0.0,0.0,0.0,0.0,0.0,0.0,0.0,0.0,0.0,1.0,{'move_not_adjacent': 1},{'1': {'move_not_adjacent': 1}},{'5': {'move_not_adjacent': 1}}
needy,grid_125,contract for finishing,70.0,0.5,0.5,140.0,0.0,0.0,0.0,0.0,0.0,0.0,0.0,0.0,0.0,0.0,0.0,0.0,7.0,0.0,7.0,0.0,0.0,0.0,7.0,7.0,0.0,0.0,0.0,0.0,0.0,0.0,0.0,0.0,0.0,0.0,0.0,0.0,0.0,1.0,2.0,,0.0,0.0,0.0,0.0,0.0,0.0,0.0,0.0,0.0,{},{},{}
needy,grid_127,strict contract,70.0,0.5,0.5,140.0,0.0,0.0,0.0,0.0,0.0,0.0,0.0,0.0,0.0,0.0,0.0,0.0,6.0,0.0,6.0,0.0,0.0,0.0,6.0,6.0,0.0,0.0,0.0,0.0,0.0,0.0,0.0,0.0,0.0,0.0,0.0,0.0,0.0,0.0,4.0,0.0,0.0,0.0,0.0,0.0,0.0,0.0,0.0,0.0,0.0,{},{},{}
needy,grid_127,judge implementation,140.0,1.0,0.0714285714285714,140.0,0.0,0.0,0.0,0.0,0.0,0.0,0.0,0.0,0.0,0.0,0.0,0.0,0.0,0.0,0.0,0.0,0.0,0.0,0.0,0.0,0.0,0.0,0.0,0.0,0.0,0.0,0.0,0.0,0.0,0.0,0.0,0.0,0.0,1.0,2.0,,0.0,0.0,0.0,2.0,0.0,0.0,0.0,0.0,0.0,{},{},{}
needy,grid_127,contract for finishing,70.0,0.5,0.48571428571428577,140.0,0.0,0.0,0.0,0.0,0.0,0.0,0.0,0.0,0.0,0.0,0.0,0.0,6.0,0.0,6.0,0.0,0.0,0.0,6.0,6.0,0.0,0.0,0.0,0.0,0.0,0.0,0.0,0.0,0.0,0.0,0.0,0.0,0.0,1.0,3.0,,0.0,0.0,0.0,0.0,0.0,0.0,1.0,1.0,0.0,{},{},{}
needy,grid_119,strict contract,140.0,1.0,0.03571428571428581,140.0,0.0,0.0,0.0,0.0,0.0,0.0,0.0,0.0,0.0,0.0,0.0,0.0,0.0,0.0,0.0,0.0,0.0,0.0,0.0,0.0,0.0,0.0,0.0,0.0,0.0,0.0,0.0,0.0,0.0,0.0,0.0,0.0,0.0,1.0,2.0,8.0,4.0,4.0,0.0,1.0,0.0,0.0,0.0,0.0,0.0,{},{},{}
needy,grid_119,judge implementation,140.0,1.0,0.03571428571428581,140.0,0.0,0.0,0.0,0.0,0.0,0.0,0.0,0.0,0.0,0.0,0.0,0.0,0.0,0.0,0.0,0.0,0.0,0.0,0.0,0.0,0.0,0.0,0.0,0.0,0.0,0.0,0.0,0.0,0.0,0.0,0.0,0.0,0.0,1.0,2.0,,0.0,0.0,0.0,1.0,0.0,0.0,0.0,0.0,0.0,{},{},{}
needy,grid_119,contract for finishing,70.0,0.5,0.5,140.0,0.0,0.0,0.0,0.0,0.0,0.0,0.0,0.0,0.0,0.0,0.0,0.0,7.0,0.0,7.0,0.0,0.0,0.0,7.0,7.0,0.0,0.0,0.0,0.0,0.0,0.0,0.0,0.0,0.0,0.0,0.0,0.0,0.0,1.0,2.0,,0.0,0.0,0.0,0.0,0.0,0.0,0.0,0.0,0.0,{},{},{}
needy,grid_115,strict contract,140.0,1.0,0.0714285714285714,140.0,0.0,0.0,0.0,0.0,0.0,0.0,0.0,0.0,0.0,0.0,0.0,0.0,0.0,0.0,0.0,0.0,0.0,0.0,0.0,0.0,0.0,0.0,0.0,0.0,0.0,0.0,0.0,0.0,0.0,0.0,0.0,0.0,0.0,1.0,3.0,6.0,4.0,2.0,4.0,2.0,0.0,0.0,0.0,0.0,0.0,{},{},{}
needy,grid_115,judge implementation,70.0,0.5,0.5,140.0,0.0,0.0,0.0,0.0,0.0,0.0,0.0,0.0,0.0,0.0,0.0,0.0,0.0,0.0,0.0,0.0,0.0,0.0,0.0,0.0,0.0,0.0,0.0,0.0,0.0,0.0,0.0,0.0,0.0,0.0,0.0,0.0,0.0,1.0,2.0,,0.0,0.0,0.0,0.0,0.0,0.0,0.0,0.0,0.0,{},{},{}
needy,grid_115,contract for finishing,70.0,0.5,0.5,140.0,0.0,0.0,0.0,0.0,0.0,0.0,0.0,0.0,0.0,0.0,0.0,0.0,7.0,0.0,7.0,0.0,0.0,0.0,7.0,7.0,0.0,0.0,0.0,0.0,0.0,0.0,0.0,0.0,0.0,0.0,0.0,0.0,0.0,1.0,2.0,,0.0,0.0,0.0,0.0,0.0,0.0,0.0,0.0,0.0,{},{},{}
needy,grid_134,strict contract,75.0,0.5357142857142857,0.5,140.0,0.0,0.0,0.0,0.0,0.0,0.0,0.0,0.0,0.0,0.0,0.0,0.0,4.0,0.0,4.0,0.0,0.0,0.0,4.0,4.0,0.0,0.0,0.0,0.0,0.0,0.0,0.0,0.0,0.0,0.0,0.0,0.0,0.0,1.0,2.0,2.0,1.0,1.0,1.0,0.0,0.0,0.0,0.0,0.0,0.0,{},{},{}
needy,grid_134,judge implementation,70.0,0.5,0.5,140.0,0.0,0.0,0.0,0.0,0.0,0.0,0.0,0.0,0.0,0.0,0.0,0.0,0.0,0.0,0.0,0.0,0.0,0.0,0.0,0.0,0.0,0.0,0.0,0.0,0.0,0.0,0.0,0.0,0.0,0.0,0.0,0.0,0.0,1.0,3.0,,0.0,0.0,0.0,0.0,0.0,1.0,0.0,0.0,0.0,{},{},{}
needy,grid_134,contract for finishing,70.0,0.5,0.5,140.0,0.0,0.0,0.0,0.0,0.0,0.0,0.0,0.0,0.0,0.0,0.0,0.0,6.0,0.0,6.0,0.0,0.0,0.0,6.0,6.0,0.0,0.0,0.0,0.0,0.0,0.0,0.0,0.0,0.0,0.0,0.0,0.0,0.0,1.0,2.0,,0.0,0.0,0.0,0.0,0.0,0.0,0.0,0.0,0.0,{},{},{}
needy,grid_114,strict contract,140.0,1.0,0.03571428571428581,140.0,0.0,0.0,0.0,0.0,0.0,0.0,0.0,0.0,0.0,0.0,0.0,0.0,0.0,0.0,0.0,0.0,0.0,0.0,0.0,0.0,0.0,0.0,0.0,0.0,0.0,0.0,0.0,0.0,0.0,0.0,0.0,0.0,0.0,1.0,2.0,8.0,4.0,4.0,0.0,1.0,0.0,0.0,0.0,0.0,0.0,{},{},{}
needy,grid_114,judge implementation,140.0,1.0,0.0,140.0,0.0,0.0,0.0,0.0,0.0,0.0,0.0,0.0,0.0,0.0,0.0,0.0,0.0,0.0,0.0,0.0,0.0,0.0,0.0,0.0,0.0,0.0,0.0,0.0,0.0,0.0,0.0,0.0,0.0,0.0,0.0,0.0,0.0,1.0,2.0,,0.0,0.0,1.0,1.0,1.0,0.0,0.0,0.0,0.0,{},{},{}
needy,grid_114,contract for finishing,70.0,0.5,0.5,140.0,0.0,0.0,0.0,0.0,0.0,0.0,0.0,0.0,0.0,0.0,0.0,0.0,8.0,0.0,8.0,0.0,0.0,0.0,8.0,8.0,0.0,0.0,0.0,0.0,0.0,0.0,0.0,0.0,0.0,0.0,0.0,0.0,0.0,1.0,2.0,,0.0,0.0,0.0,0.0,0.0,0.0,0.0,0.0,0.0,{},{},{}
needy,grid_129,strict contract,140.0,1.0,0.0714285714285714,140.0,0.0,0.0,0.0,0.0,0.0,0.0,0.0,0.0,0.0,0.0,0.0,0.0,1.0,0.0,1.0,0.0,0.0,0.0,1.0,1.0,0.0,0.0,0.0,0.0,0.0,0.0,0.0,0.0,0.0,0.0,0.0,0.0,0.0,1.0,2.0,5.0,3.0,2.0,0.0,2.0,0.0,0.0,0.0,0.0,0.0,{},{},{}
needy,grid_129,judge implementation,70.0,0.5,0.5,140.0,0.0,0.0,0.0,0.0,0.0,0.0,0.0,0.0,0.0,0.0,0.0,0.0,0.0,0.0,0.0,0.0,0.0,0.0,0.0,0.0,0.0,0.0,0.0,0.0,0.0,0.0,0.0,0.0,0.0,0.0,0.0,0.0,0.0,1.0,3.0,,0.0,0.0,0.0,0.0,3.0,0.0,0.0,0.0,0.0,{},{},{}
needy,grid_129,contract for finishing,70.0,0.5,0.5,140.0,0.0,0.0,0.0,0.0,0.0,0.0,0.0,0.0,0.0,0.0,0.0,0.0,5.0,0.0,5.0,0.0,0.0,0.0,5.0,5.0,0.0,0.0,0.0,0.0,0.0,0.0,0.0,0.0,0.0,0.0,0.0,0.0,0.0,1.0,2.0,,0.0,0.0,0.0,0.0,0.0,0.0,17.0,0.0,0.0,{},{},{}
needy,grid_120,strict contract,140.0,1.0,0.03571428571428581,140.0,0.0,0.0,0.0,0.0,0.0,0.0,0.0,0.0,0.0,0.0,0.0,0.0,0.0,0.0,0.0,0.0,0.0,0.0,0.0,0.0,0.0,0.0,0.0,0.0,0.0,0.0,0.0,0.0,0.0,0.0,0.0,0.0,0.0,1.0,3.0,5.0,4.0,1.0,0.0,1.0,0.0,0.0,0.0,0.0,0.0,{},{},{}
needy,grid_120,judge implementation,70.0,0.5,0.5,140.0,0.0,0.0,0.0,0.0,0.0,0.0,0.0,0.0,0.0,0.0,0.0,0.0,0.0,0.0,0.0,0.0,0.0,0.0,0.0,0.0,0.0,0.0,0.0,0.0,0.0,0.0,0.0,0.0,0.0,0.0,0.0,0.0,0.0,1.0,4.0,,0.0,0.0,0.0,0.0,0.0,1.0,0.0,0.0,0.0,{},{},{}
needy,grid_120,contract for finishing,70.0,0.5,0.5,140.0,0.0,0.0,0.0,0.0,0.0,0.0,0.0,0.0,0.0,0.0,0.0,0.0,6.0,0.0,6.0,0.0,0.0,0.0,6.0,6.0,0.0,0.0,0.0,0.0,0.0,0.0,0.0,0.0,0.0,0.0,0.0,0.0,0.0,1.0,2.0,,0.0,0.0,0.0,0.0,0.0,0.0,20.0,0.0,0.0,{},{},{}
needy,grid_126,strict contract,140.0,1.0,0.0714285714285714,140.0,0.0,0.0,0.0,0.0,0.0,0.0,0.0,0.0,0.0,0.0,0.0,0.0,0.0,0.0,0.0,0.0,0.0,0.0,0.0,0.0,0.0,0.0,0.0,0.0,0.0,0.0,0.0,0.0,0.0,0.0,0.0,0.0,0.0,1.0,3.0,6.0,4.0,2.0,0.0,2.0,4.0,0.0,0.0,0.0,0.0,{},{},{}
needy,grid_126,judge implementation,70.0,0.5,0.5,140.0,0.0,0.0,0.0,0.0,0.0,0.0,0.0,0.0,0.0,0.0,0.0,0.0,5.0,0.0,5.0,0.0,0.0,0.0,5.0,5.0,0.0,0.0,0.0,0.0,0.0,0.0,0.0,0.0,0.0,0.0,0.0,0.0,0.0,0.0,0.0,0.0,0.0,0.0,0.0,0.0,0.0,0.0,0.0,0.0,0.0,{},{},{}
needy,grid_126,contract for finishing,70.0,0.5,0.5,140.0,0.0,0.0,0.0,0.0,0.0,0.0,0.0,0.0,0.0,0.0,0.0,0.0,6.0,0.0,6.0,0.0,0.0,0.0,6.0,6.0,0.0,0.0,0.0,0.0,0.0,0.0,0.0,0.0,0.0,0.0,0.0,0.0,0.0,1.0,2.0,,0.0,0.0,0.0,0.0,0.0,0.0,14.0,0.0,0.0,{},{},{}
needy,grid_138,strict contract,140.0,1.0,0.0714285714285714,140.0,0.0,0.0,0.0,0.0,0.0,0.0,0.0,0.0,0.0,0.0,0.0,0.0,0.0,0.0,0.0,0.0,0.0,0.0,0.0,0.0,0.0,0.0,0.0,0.0,0.0,0.0,0.0,0.0,0.0,0.0,0.0,0.0,0.0,1.0,3.0,5.0,3.0,2.0,0.0,2.0,0.0,0.0,0.0,0.0,0.0,{},{},{}
needy,grid_138,judge implementation,70.0,0.5,0.5,140.0,0.0,0.0,0.0,0.0,0.0,0.0,0.0,0.0,0.0,0.0,0.0,0.0,6.0,0.0,6.0,0.0,0.0,0.0,6.0,6.0,0.0,0.0,0.0,0.0,0.0,0.0,0.0,0.0,0.0,0.0,0.0,0.0,0.0,0.0,0.0,0.0,0.0,0.0,0.0,0.0,0.0,0.0,0.0,0.0,0.0,{},{},{}
needy,grid_138,contract for finishing,70.0,0.5,0.5,140.0,0.0,0.0,0.0,0.0,0.0,0.0,0.0,0.0,0.0,0.0,0.0,0.0,7.0,0.0,7.0,0.0,0.0,0.0,7.0,7.0,0.0,0.0,0.0,0.0,0.0,0.0,0.0,0.0,0.0,0.0,0.0,0.0,0.0,1.0,3.0,,0.0,0.0,0.0,0.0,0.0,0.0,20.0,0.0,0.0,{},{},{}
needy,grid_112,strict contract,140.0,1.0,0.0714285714285714,140.0,0.0,0.0,0.0,0.0,0.0,0.0,0.0,0.0,0.0,0.0,0.0,0.0,0.0,0.0,0.0,0.0,0.0,0.0,0.0,0.0,0.0,0.0,0.0,0.0,0.0,0.0,0.0,0.0,0.0,0.0,0.0,0.0,0.0,1.0,2.0,8.0,4.0,4.0,0.0,2.0,0.0,0.0,0.0,0.0,0.0,{},{},{}
needy,grid_112,judge implementation,70.0,0.5,0.5,140.0,0.0,0.0,0.0,0.0,0.0,0.0,0.0,0.0,0.0,0.0,0.0,0.0,0.0,0.0,0.0,0.0,0.0,0.0,0.0,0.0,0.0,0.0,0.0,0.0,0.0,0.0,0.0,0.0,0.0,0.0,0.0,0.0,0.0,1.0,4.0,,0.0,0.0,0.0,0.0,0.0,0.0,0.0,0.0,1.0,{'move_not_adjacent': 1},{'1': {'move_not_adjacent': 1}},{'3': {'move_not_adjacent': 1}}
needy,grid_112,contract for finishing,70.0,0.5,0.47142857142857153,140.0,0.0,0.0,0.0,0.0,0.0,0.0,0.0,0.0,0.0,0.0,0.0,0.0,6.0,0.0,6.0,0.0,0.0,0.0,6.0,6.0,0.0,0.0,0.0,0.0,0.0,0.0,0.0,0.0,0.0,0.0,0.0,0.0,0.0,1.0,2.0,,0.0,0.0,0.0,0.0,0.0,0.0,2.0,2.0,0.0,{},{},{}
needy,grid_135,strict contract,70.0,0.5,0.5,140.0,0.0,0.0,0.0,0.0,0.0,0.0,0.0,0.0,0.0,0.0,0.0,0.0,7.0,0.0,7.0,0.0,0.0,0.0,7.0,7.0,0.0,0.0,0.0,0.0,0.0,0.0,0.0,0.0,0.0,0.0,0.0,0.0,0.0,0.0,4.0,0.0,0.0,0.0,0.0,0.0,0.0,0.0,0.0,0.0,0.0,{},{},{}
needy,grid_135,judge implementation,140.0,1.0,0.03571428571428581,140.0,0.0,0.0,0.0,0.0,0.0,0.0,0.0,0.0,0.0,0.0,0.0,0.0,0.0,0.0,0.0,0.0,0.0,0.0,0.0,0.0,0.0,0.0,0.0,0.0,0.0,0.0,0.0,0.0,0.0,0.0,0.0,0.0,0.0,1.0,2.0,,0.0,0.0,3.0,2.0,2.0,1.0,0.0,0.0,0.0,{},{},{}
needy,grid_135,contract for finishing,70.0,0.5,0.5,140.0,0.0,0.0,0.0,0.0,0.0,0.0,0.0,0.0,0.0,0.0,0.0,0.0,6.0,0.0,6.0,0.0,0.0,0.0,6.0,6.0,0.0,0.0,0.0,0.0,0.0,0.0,0.0,0.0,0.0,0.0,0.0,0.0,0.0,1.0,2.0,,0.0,0.0,0.0,0.0,0.0,0.0,13.0,0.0,0.0,{},{},{}
needy,grid_132,strict contract,70.0,0.5,0.5,140.0,0.0,0.0,0.0,0.0,0.0,0.0,0.0,0.0,0.0,0.0,0.0,0.0,2.0,0.0,2.0,0.0,0.0,0.0,2.0,2.0,0.0,0.0,0.0,0.0,0.0,0.0,0.0,0.0,0.0,0.0,0.0,0.0,0.0,1.0,2.0,4.0,3.0,1.0,0.0,0.0,0.0,0.0,0.0,0.0,0.0,{},{},{}
needy,grid_132,judge implementation,130.0,0.9285714285714286,0.07692307692307687,140.0,0.0,0.0,0.0,0.0,0.0,0.0,0.0,0.0,0.0,0.0,0.0,0.0,0.0,0.0,0.0,0.0,0.0,0.0,0.0,0.0,0.0,0.0,0.0,0.0,0.0,0.0,0.0,0.0,0.0,0.0,0.0,0.0,0.0,1.0,2.0,,0.0,0.0,1.0,2.0,0.0,0.0,0.0,0.0,0.0,{},{},{}
needy,grid_132,contract for finishing,70.0,0.5,0.5,140.0,0.0,0.0,0.0,0.0,0.0,0.0,0.0,0.0,0.0,0.0,0.0,0.0,8.0,0.0,8.0,0.0,0.0,0.0,8.0,8.0,0.0,0.0,0.0,0.0,0.0,0.0,0.0,0.0,0.0,0.0,0.0,0.0,0.0,1.0,2.0,,0.0,0.0,0.0,0.0,0.0,0.0,0.0,0.0,0.0,{},{},{}
needy,grid_133,strict contract,140.0,1.0,0.0714285714285714,140.0,0.0,0.0,0.0,0.0,0.0,0.0,0.0,0.0,0.0,0.0,0.0,0.0,3.0,0.0,3.0,0.0,0.0,0.0,3.0,3.0,0.0,0.0,0.0,0.0,0.0,0.0,0.0,0.0,0.0,0.0,0.0,0.0,0.0,1.0,2.0,4.0,2.0,2.0,0.0,2.0,0.0,0.0,0.0,0.0,0.0,{},{},{}
needy,grid_133,judge implementation,140.0,1.0,0.03571428571428581,140.0,0.0,0.0,0.0,0.0,0.0,0.0,0.0,0.0,0.0,0.0,0.0,0.0,0.0,0.0,0.0,0.0,0.0,0.0,0.0,0.0,0.0,0.0,0.0,0.0,0.0,0.0,0.0,0.0,0.0,0.0,0.0,0.0,0.0,1.0,2.0,,0.0,0.0,3.0,2.0,0.0,0.0,0.0,0.0,1.0,{'move_not_adjacent': 1},{'1': {'move_not_adjacent': 1}},{'8': {'move_not_adjacent': 1}}
needy,grid_133,contract for finishing,70.0,0.5,0.5,140.0,0.0,0.0,0.0,0.0,0.0,0.0,0.0,0.0,0.0,0.0,0.0,0.0,7.0,0.0,7.0,0.0,0.0,0.0,7.0,7.0,0.0,0.0,0.0,0.0,0.0,0.0,0.0,0.0,0.0,0.0,0.0,0.0,0.0,1.0,3.0,,0.0,0.0,0.0,0.0,0.0,0.0,12.0,0.0,0.0,{},{},{}
needy,grid_142,strict contract,60.0,0.42857142857142855,0.5,140.0,0.0,0.0,0.0,0.0,0.0,0.0,0.0,0.0,0.0,0.0,0.0,0.0,3.0,0.0,3.0,0.0,0.0,0.0,3.0,3.0,0.0,0.0,0.0,0.0,0.0,0.0,0.0,0.0,0.0,0.0,0.0,0.0,0.0,1.0,2.0,5.0,3.0,2.0,0.0,2.0,0.0,0.0,0.0,0.0,0.0,{},{},{}
needy,grid_142,judge implementation,140.0,1.0,0.03571428571428581,140.0,0.0,0.0,0.0,0.0,0.0,0.0,0.0,0.0,0.0,0.0,0.0,0.0,0.0,0.0,0.0,0.0,0.0,0.0,0.0,0.0,0.0,0.0,0.0,0.0,0.0,0.0,0.0,0.0,0.0,0.0,0.0,0.0,0.0,1.0,3.0,,0.0,0.0,3.0,2.0,1.0,0.0,0.0,0.0,0.0,{},{},{}
needy,grid_142,contract for finishing,70.0,0.5,0.5,140.0,0.0,0.0,0.0,0.0,0.0,0.0,0.0,0.0,0.0,0.0,0.0,0.0,7.0,0.0,7.0,0.0,0.0,0.0,7.0,7.0,0.0,0.0,0.0,0.0,0.0,0.0,0.0,0.0,0.0,0.0,0.0,0.0,0.0,1.0,2.0,,0.0,0.0,0.0,0.0,0.0,0.0,8.0,0.0,0.0,{},{},{}
needy,grid_131,strict contract,140.0,1.0,0.0714285714285714,140.0,0.0,0.0,0.0,0.0,0.0,0.0,0.0,0.0,0.0,0.0,0.0,0.0,0.0,0.0,0.0,0.0,0.0,0.0,0.0,0.0,0.0,0.0,0.0,0.0,0.0,0.0,0.0,0.0,0.0,0.0,0.0,0.0,0.0,1.0,2.0,4.0,2.0,2.0,0.0,2.0,2.0,0.0,0.0,0.0,0.0,{},{},{}
needy,grid_131,judge implementation,85.0,0.6071428571428571,0.5,140.0,0.0,0.0,0.0,0.0,0.0,0.0,0.0,0.0,0.0,0.0,0.0,0.0,0.0,0.0,0.0,0.0,0.0,0.0,0.0,0.0,0.0,0.0,0.0,0.0,0.0,0.0,0.0,0.0,0.0,0.0,0.0,0.0,0.0,1.0,2.0,,0.0,0.0,3.0,0.0,0.0,0.0,0.0,0.0,0.0,{},{},{}
needy,grid_131,contract for finishing,70.0,0.5,0.5,140.0,0.0,0.0,0.0,0.0,0.0,0.0,0.0,0.0,0.0,0.0,0.0,0.0,6.0,0.0,6.0,0.0,0.0,0.0,6.0,6.0,0.0,0.0,0.0,0.0,0.0,0.0,0.0,0.0,0.0,0.0,0.0,0.0,0.0,1.0,2.0,,0.0,0.0,0.0,0.0,0.0,0.0,0.0,0.0,0.0,{},{},{}
needy,grid_116,strict contract,140.0,1.0,0.03571428571428581,140.0,0.0,0.0,0.0,0.0,0.0,0.0,0.0,0.0,0.0,0.0,0.0,0.0,0.0,0.0,0.0,0.0,0.0,0.0,0.0,0.0,0.0,0.0,0.0,0.0,0.0,0.0,0.0,0.0,0.0,0.0,0.0,0.0,0.0,1.0,2.0,1.0,0.0,1.0,0.0,1.0,0.0,0.0,0.0,0.0,0.0,{},{},{}
needy,grid_116,judge implementation,140.0,1.0,0.0,140.0,0.0,0.0,0.0,0.0,0.0,0.0,0.0,0.0,0.0,0.0,0.0,0.0,0.0,0.0,0.0,0.0,0.0,0.0,0.0,0.0,0.0,0.0,0.0,0.0,0.0,0.0,0.0,0.0,0.0,0.0,0.0,0.0,0.0,1.0,2.0,,0.0,0.0,2.0,2.0,0.0,0.0,0.0,0.0,0.0,{},{},{}
needy,grid_116,contract for finishing,70.0,0.5,0.5,140.0,0.0,0.0,0.0,0.0,0.0,0.0,0.0,0.0,0.0,0.0,0.0,0.0,5.0,0.0,5.0,0.0,0.0,0.0,5.0,5.0,0.0,0.0,0.0,0.0,0.0,0.0,0.0,0.0,0.0,0.0,0.0,0.0,0.0,1.0,2.0,,0.0,0.0,0.0,0.0,0.0,0.0,10.0,0.0,0.0,{},{},{}
needy,grid_108,strict contract,140.0,1.0,0.0714285714285714,140.0,0.0,0.0,0.0,0.0,0.0,0.0,0.0,0.0,0.0,0.0,0.0,0.0,0.0,0.0,0.0,0.0,0.0,0.0,0.0,0.0,0.0,0.0,0.0,0.0,0.0,0.0,0.0,0.0,0.0,0.0,0.0,0.0,0.0,1.0,2.0,5.0,4.0,1.0,3.0,1.0,0.0,0.0,0.0,0.0,0.0,{},{},{}
needy,grid_108,judge implementation,140.0,1.0,0.03571428571428581,140.0,0.0,0.0,0.0,0.0,0.0,0.0,0.0,0.0,0.0,0.0,0.0,0.0,0.0,0.0,0.0,0.0,0.0,0.0,0.0,0.0,0.0,0.0,0.0,0.0,0.0,0.0,0.0,0.0,0.0,0.0,0.0,0.0,0.0,1.0,2.0,,0.0,0.0,0.0,1.0,0.0,0.0,0.0,0.0,0.0,{},{},{}
needy,grid_108,contract for finishing,70.0,0.5,0.5,140.0,0.0,0.0,0.0,0.0,0.0,0.0,0.0,0.0,0.0,0.0,0.0,0.0,7.0,0.0,7.0,0.0,0.0,0.0,7.0,7.0,0.0,0.0,0.0,0.0,0.0,0.0,0.0,0.0,0.0,0.0,0.0,0.0,0.0,1.0,2.0,,0.0,0.0,0.0,0.0,0.0,0.0,0.0,0.0,0.0,{},{},{}
needy,grid_136,strict contract,70.0,0.5,0.5,140.0,0.0,0.0,0.0,0.0,0.0,0.0,0.0,0.0,0.0,0.0,0.0,0.0,6.0,0.0,6.0,0.0,0.0,0.0,6.0,6.0,0.0,0.0,0.0,0.0,0.0,0.0,0.0,0.0,0.0,0.0,0.0,0.0,0.0,0.0,0.0,0.0,0.0,0.0,0.0,0.0,0.0,0.0,0.0,0.0,0.0,{},{},{}
needy,grid_136,judge implementation,70.0,0.5,0.5,140.0,0.0,0.0,0.0,0.0,0.0,0.0,0.0,0.0,0.0,0.0,0.0,0.0,7.0,0.0,7.0,0.0,0.0,0.0,7.0,7.0,0.0,0.0,0.0,0.0,0.0,0.0,0.0,0.0,0.0,0.0,0.0,0.0,0.0,0.0,0.0,0.0,0.0,0.0,0.0,0.0,0.0,0.0,0.0,0.0,0.0,{},{},{}
needy,grid_136,contract for finishing,70.0,0.5,0.5,140.0,0.0,0.0,0.0,0.0,0.0,0.0,0.0,0.0,0.0,0.0,0.0,0.0,7.0,0.0,7.0,0.0,0.0,0.0,7.0,7.0,0.0,0.0,0.0,0.0,0.0,0.0,0.0,0.0,0.0,0.0,0.0,0.0,0.0,1.0,3.0,,0.0,0.0,0.0,0.0,0.0,0.0,4.0,0.0,0.0,{},{},{}
needy,grid_105,strict contract,140.0,1.0,0.03571428571428581,140.0,0.0,0.0,0.0,0.0,0.0,0.0,0.0,0.0,0.0,0.0,0.0,0.0,0.0,0.0,0.0,0.0,0.0,0.0,0.0,0.0,0.0,0.0,0.0,0.0,0.0,0.0,0.0,0.0,0.0,0.0,0.0,0.0,0.0,1.0,2.0,5.0,4.0,1.0,2.0,1.0,0.0,0.0,0.0,0.0,0.0,{},{},{}
needy,grid_105,judge implementation,70.0,0.5,0.5,140.0,0.0,0.0,0.0,0.0,0.0,0.0,0.0,0.0,0.0,0.0,0.0,0.0,0.0,0.0,0.0,0.0,0.0,0.0,0.0,0.0,0.0,0.0,0.0,0.0,0.0,0.0,0.0,0.0,0.0,0.0,0.0,0.0,0.0,1.0,3.0,,0.0,0.0,0.0,0.0,0.0,0.0,0.0,0.0,0.0,{},{},{}
needy,grid_105,contract for finishing,70.0,0.5,0.5,140.0,0.0,0.0,0.0,0.0,0.0,0.0,0.0,0.0,0.0,0.0,0.0,0.0,7.0,0.0,7.0,0.0,0.0,0.0,7.0,7.0,0.0,0.0,0.0,0.0,0.0,0.0,0.0,0.0,0.0,0.0,0.0,0.0,0.0,1.0,2.0,,0.0,0.0,0.0,0.0,0.0,0.0,0.0,0.0,0.0,{},{},{}
needy,grid_117,strict contract,140.0,1.0,0.03571428571428581,140.0,0.0,0.0,0.0,0.0,0.0,0.0,0.0,0.0,0.0,0.0,0.0,0.0,1.0,0.0,1.0,0.0,0.0,0.0,1.0,1.0,0.0,0.0,0.0,0.0,0.0,0.0,0.0,0.0,0.0,0.0,0.0,0.0,0.0,1.0,3.0,3.0,1.0,2.0,0.0,1.0,1.0,1.0,0.0,0.0,0.0,{},{},{}
needy,grid_117,judge implementation,140.0,1.0,0.1071428571428572,140.0,0.0,0.0,0.0,0.0,0.0,0.0,0.0,0.0,0.0,0.0,0.0,0.0,0.0,0.0,0.0,0.0,0.0,0.0,0.0,0.0,0.0,0.0,0.0,0.0,0.0,0.0,0.0,0.0,0.0,0.0,0.0,0.0,0.0,1.0,2.0,,0.0,0.0,4.0,1.0,0.0,1.0,0.0,0.0,0.0,{},{},{}
needy,grid_117,contract for finishing,70.0,0.5,0.5,140.0,0.0,0.0,0.0,0.0,0.0,0.0,0.0,0.0,0.0,0.0,0.0,0.0,7.0,0.0,7.0,0.0,0.0,0.0,7.0,7.0,0.0,0.0,0.0,0.0,0.0,0.0,0.0,0.0,0.0,0.0,0.0,0.0,0.0,1.0,2.0,,0.0,0.0,0.0,0.0,0.0,0.0,19.0,0.0,0.0,{},{},{}
needy,grid_122,strict contract,70.0,0.5,0.5,140.0,0.0,0.0,0.0,0.0,0.0,0.0,0.0,0.0,0.0,0.0,0.0,0.0,5.0,0.0,5.0,0.0,0.0,0.0,5.0,5.0,0.0,0.0,0.0,0.0,0.0,0.0,0.0,0.0,0.0,0.0,0.0,0.0,0.0,1.0,2.0,2.0,1.0,1.0,0.0,0.0,1.0,1.0,0.0,0.0,0.0,{},{},{}
needy,grid_122,judge implementation,140.0,1.0,0.1428571428571428,140.0,0.0,0.0,0.0,0.0,0.0,0.0,0.0,0.0,0.0,0.0,0.0,0.0,0.0,0.0,0.0,0.0,0.0,0.0,0.0,0.0,0.0,0.0,0.0,0.0,0.0,0.0,0.0,0.0,0.0,0.0,0.0,0.0,0.0,1.0,2.0,,0.0,0.0,5.0,1.0,0.0,0.0,0.0,0.0,0.0,{},{},{}
needy,grid_122,contract for finishing,70.0,0.5,0.5,140.0,0.0,0.0,0.0,0.0,0.0,0.0,0.0,0.0,0.0,0.0,0.0,0.0,8.0,0.0,8.0,0.0,0.0,0.0,8.0,8.0,0.0,0.0,0.0,0.0,0.0,0.0,0.0,0.0,0.0,0.0,0.0,0.0,0.0,1.0,2.0,,0.0,0.0,0.0,0.0,0.0,0.0,20.0,0.0,0.0,{},{},{}
needy,grid_139,strict contract,70.0,0.5,0.5,140.0,0.0,0.0,0.0,0.0,0.0,0.0,0.0,0.0,0.0,0.0,0.0,0.0,0.0,0.0,0.0,0.0,0.0,0.0,0.0,0.0,0.0,0.0,0.0,0.0,0.0,0.0,0.0,0.0,0.0,0.0,0.0,0.0,0.0,1.0,2.0,5.0,2.0,3.0,0.0,0.0,0.0,1.0,0.0,0.0,0.0,{},{},{}
needy,grid_139,judge implementation,,,,,,,,,,,,,,,,,,,,,,,,,,,,,,,,,,,,,,,,,,,,,,,,,,,,
needy,grid_139,judge implementation,85.0,0.6071428571428571,0.5,140.0,0.0,0.0,0.0,0.0,0.0,0.0,0.0,0.0,0.0,0.0,0.0,0.0,0.0,0.0,0.0,0.0,0.0,0.0,0.0,0.0,0.0,0.0,0.0,0.0,0.0,0.0,0.0,0.0,0.0,0.0,0.0,0.0,0.0,1.0,2.0,,0.0,0.0,3.0,0.0,1.0,0.0,0.0,0.0,0.0,{},{},{}
needy,grid_139,contract for finishing,70.0,0.5,0.5,140.0,0.0,0.0,0.0,0.0,0.0,0.0,0.0,0.0,0.0,0.0,0.0,0.0,7.0,0.0,7.0,0.0,0.0,0.0,7.0,7.0,0.0,0.0,0.0,0.0,0.0,0.0,0.0,0.0,0.0,0.0,0.0,0.0,0.0,1.0,2.0,,0.0,0.0,0.0,0.0,0.0,0.0,20.0,0.0,0.0,{},{},{}
needy,grid_113,strict contract,75.0,0.5357142857142857,0.5,140.0,0.0,0.0,0.0,0.0,0.0,0.0,0.0,0.0,0.0,0.0,0.0,0.0,3.0,0.0,3.0,0.0,0.0,0.0,3.0,3.0,0.0,0.0,0.0,0.0,0.0,0.0,0.0,0.0,0.0,0.0,0.0,0.0,0.0,1.0,2.0,4.0,1.0,3.0,1.0,0.0,0.0,1.0,0.0,0.0,0.0,{},{},{}
needy,grid_113,judge implementation,70.0,0.5,0.5,140.0,0.0,0.0,0.0,0.0,0.0,0.0,0.0,0.0,0.0,0.0,0.0,0.0,0.0,0.0,0.0,0.0,0.0,0.0,0.0,0.0,0.0,0.0,0.0,0.0,0.0,0.0,0.0,0.0,0.0,0.0,0.0,0.0,0.0,1.0,2.0,,0.0,0.0,0.0,0.0,0.0,0.0,0.0,0.0,0.0,{},{},{}
needy,grid_113,contract for finishing,70.0,0.5,0.5,140.0,0.0,0.0,0.0,0.0,0.0,0.0,0.0,0.0,0.0,0.0,0.0,0.0,7.0,0.0,7.0,0.0,0.0,0.0,7.0,7.0,0.0,0.0,0.0,0.0,0.0,0.0,0.0,0.0,0.0,0.0,0.0,0.0,0.0,1.0,2.0,,0.0,0.0,0.0,0.0,0.0,0.0,0.0,0.0,0.0,{},{},{}
mutual,grid_095,strict contract,140.0,1.0,0.0,140.0,0.0,0.0,0.0,0.0,0.0,0.0,0.0,0.0,0.0,0.0,0.0,0.0,0.0,0.0,0.0,0.0,0.0,0.0,0.0,0.0,0.0,0.0,0.0,0.0,0.0,0.0,0.0,0.0,0.0,0.0,0.0,0.0,0.0,1.0,2.0,4.0,2.0,2.0,2.0,2.0,0.0,0.0,0.0,0.0,0.0,{},{},{}
mutual,grid_095,judge implementation,140.0,1.0,0.0,140.0,0.0,0.0,0.0,0.0,0.0,0.0,0.0,0.0,0.0,0.0,0.0,0.0,0.0,0.0,0.0,0.0,0.0,0.0,0.0,0.0,0.0,0.0,0.0,0.0,0.0,0.0,0.0,0.0,0.0,0.0,0.0,0.0,0.0,1.0,2.0,,0.0,0.0,2.0,2.0,0.0,0.0,0.0,0.0,0.0,{},{},{}
mutual,grid_095,contract for finishing,140.0,1.0,0.02857142857142847,140.0,0.0,0.0,0.0,0.0,0.0,0.0,0.0,0.0,0.0,0.0,0.0,0.0,2.0,2.0,0.0,2.0,0.0,2.0,0.0,0.0,0.0,4.0,2.0,2.0,1.0,0.0,1.0,10.0,4.0,6.0,4.0,2.0,2.0,1.0,3.0,,0.0,0.0,0.0,0.0,0.0,0.0,5.0,1.0,0.0,{},{},{}
mutual,grid_092,strict contract,140.0,1.0,0.0,140.0,0.0,0.0,0.0,0.0,0.0,0.0,0.0,0.0,0.0,0.0,0.0,0.0,1.0,0.0,1.0,0.0,0.0,0.0,1.0,1.0,0.0,0.0,0.0,0.0,0.0,0.0,0.0,0.0,0.0,0.0,0.0,0.0,0.0,1.0,2.0,4.0,2.0,2.0,2.0,2.0,0.0,0.0,0.0,0.0,1.0,{'move_not_adjacent': 1},{'1': {'move_not_adjacent': 1}},{'3': {'move_not_adjacent': 1}}
mutual,grid_092,judge implementation,0.0,0.0,0.0,140.0,0.0,0.0,0.0,0.0,0.0,0.0,0.0,0.0,0.0,0.0,0.0,0.0,0.0,0.0,0.0,0.0,0.0,0.0,0.0,0.0,0.0,0.0,0.0,0.0,0.0,0.0,0.0,0.0,0.0,0.0,0.0,0.0,0.0,1.0,2.0,,0.0,0.0,2.0,1.0,0.0,1.0,0.0,0.0,0.0,{},{},{}
mutual,grid_092,contract for finishing,140.0,1.0,0.0,140.0,0.0,0.0,0.0,0.0,0.0,0.0,0.0,0.0,0.0,0.0,0.0,0.0,1.0,1.0,0.0,1.0,0.0,1.0,0.0,0.0,0.0,4.0,2.0,2.0,0.0,0.0,0.0,5.0,2.0,3.0,4.0,2.0,2.0,1.0,2.0,,0.0,0.0,0.0,0.0,0.0,0.0,0.0,0.0,0.0,{},{},{}
mutual,grid_087,strict contract,140.0,1.0,0.0,140.0,0.0,0.0,0.0,0.0,0.0,0.0,0.0,0.0,0.0,0.0,0.0,0.0,0.0,0.0,0.0,0.0,0.0,0.0,0.0,0.0,0.0,0.0,0.0,0.0,0.0,0.0,0.0,0.0,0.0,0.0,0.0,0.0,0.0,1.0,2.0,4.0,2.0,2.0,2.0,2.0,0.0,0.0,0.0,0.0,0.0,{},{},{}
mutual,grid_087,judge implementation,140.0,1.0,0.0,140.0,0.0,0.0,0.0,0.0,0.0,0.0,0.0,0.0,0.0,0.0,0.0,0.0,0.0,0.0,0.0,0.0,0.0,0.0,0.0,0.0,0.0,0.0,0.0,0.0,0.0,0.0,0.0,0.0,0.0,0.0,0.0,0.0,0.0,1.0,2.0,,0.0,0.0,2.0,2.0,0.0,0.0,0.0,0.0,0.0,{},{},{}
mutual,grid_087,contract for finishing,140.0,1.0,0.08571428571428563,140.0,0.0,0.0,0.0,0.0,0.0,0.0,0.0,0.0,0.0,0.0,0.0,0.0,4.0,3.0,1.0,2.0,0.0,2.0,2.0,1.0,1.0,4.0,2.0,2.0,1.0,0.0,1.0,7.0,3.0,4.0,4.0,2.0,2.0,1.0,2.0,,0.0,0.0,0.0,0.0,0.0,0.0,4.0,16.0,0.0,{},{},{}
mutual,grid_082,strict contract,140.0,1.0,0.0,140.0,0.0,0.0,0.0,0.0,0.0,0.0,0.0,0.0,0.0,0.0,0.0,0.0,0.0,0.0,0.0,0.0,0.0,0.0,0.0,0.0,0.0,0.0,0.0,0.0,0.0,0.0,0.0,0.0,0.0,0.0,0.0,0.0,0.0,1.0,2.0,5.0,2.0,3.0,2.0,2.0,0.0,0.0,0.0,0.0,0.0,{},{},{}
mutual,grid_082,judge implementation,140.0,1.0,0.03571428571428581,140.0,0.0,0.0,0.0,0.0,0.0,0.0,0.0,0.0,0.0,0.0,0.0,0.0,0.0,0.0,0.0,0.0,0.0,0.0,0.0,0.0,0.0,0.0,0.0,0.0,0.0,0.0,0.0,0.0,0.0,0.0,0.0,0.0,0.0,1.0,3.0,,0.0,0.0,2.0,3.0,0.0,0.0,0.0,0.0,0.0,{},{},{}
mutual,grid_082,contract for finishing,80.0,0.5714285714285714,0.3999999999999999,140.0,0.0,0.0,0.0,0.0,0.0,0.0,0.0,0.0,0.0,0.0,0.0,0.0,1.0,1.0,0.0,1.0,0.0,1.0,0.0,0.0,0.0,2.0,0.0,2.0,5.0,5.0,0.0,5.0,2.0,3.0,2.0,2.0,0.0,1.0,3.0,,0.0,0.0,0.0,0.0,0.0,0.0,12.0,8.0,0.0,{},{},{}
mutual,grid_086,strict contract,0.0,0.0,0.0,140.0,0.0,0.0,0.0,0.0,0.0,0.0,0.0,0.0,0.0,0.0,0.0,0.0,2.0,0.0,2.0,0.0,0.0,0.0,2.0,2.0,0.0,0.0,0.0,0.0,0.0,0.0,0.0,0.0,0.0,0.0,0.0,0.0,0.0,1.0,2.0,4.0,2.0,2.0,1.0,1.0,1.0,1.0,0.0,0.0,0.0,{},{},{}
mutual,grid_086,judge implementation,75.0,0.5357142857142857,0.5,140.0,0.0,0.0,0.0,0.0,0.0,0.0,0.0,0.0,0.0,0.0,0.0,0.0,0.0,0.0,0.0,0.0,0.0,0.0,0.0,0.0,0.0,0.0,0.0,0.0,0.0,0.0,0.0,0.0,0.0,0.0,0.0,0.0,0.0,1.0,2.0,,0.0,0.0,1.0,2.0,0.0,0.0,0.0,0.0,1.0,{'move_not_adjacent': 1},{'0': {'move_not_adjacent': 1}},{'1': {'move_not_adjacent': 1}}
mutual,grid_086,contract for finishing,140.0,1.0,0.0,140.0,0.0,0.0,0.0,0.0,0.0,0.0,0.0,0.0,0.0,0.0,0.0,0.0,3.0,1.0,2.0,2.0,1.0,1.0,1.0,1.0,0.0,4.0,2.0,2.0,0.0,0.0,0.0,6.0,3.0,3.0,4.0,2.0,2.0,1.0,2.0,,0.0,0.0,0.0,0.0,0.0,0.0,5.0,5.0,0.0,{},{},{}
mutual,grid_085,strict contract,140.0,1.0,0.0,140.0,0.0,0.0,0.0,0.0,0.0,0.0,0.0,0.0,0.0,0.0,0.0,0.0,2.0,0.0,2.0,0.0,0.0,0.0,2.0,2.0,0.0,0.0,0.0,0.0,0.0,0.0,0.0,0.0,0.0,0.0,0.0,0.0,0.0,1.0,2.0,4.0,2.0,2.0,2.0,2.0,0.0,0.0,0.0,0.0,0.0,{},{},{}
mutual,grid_085,judge implementation,140.0,1.0,0.0,140.0,0.0,0.0,0.0,0.0,0.0,0.0,0.0,0.0,0.0,0.0,0.0,0.0,0.0,0.0,0.0,0.0,0.0,0.0,0.0,0.0,0.0,0.0,0.0,0.0,0.0,0.0,0.0,0.0,0.0,0.0,0.0,0.0,0.0,1.0,2.0,,0.0,0.0,2.0,2.0,0.0,0.0,0.0,0.0,0.0,{},{},{}
mutual,grid_085,contract for finishing,140.0,1.0,0.0,140.0,0.0,0.0,0.0,0.0,0.0,0.0,0.0,0.0,0.0,0.0,0.0,0.0,2.0,2.0,0.0,2.0,0.0,2.0,0.0,0.0,0.0,4.0,2.0,2.0,0.0,0.0,0.0,9.0,4.0,5.0,4.0,2.0,2.0,1.0,2.0,,0.0,0.0,0.0,0.0,0.0,0.0,10.0,10.0,0.0,{},{},{}
mutual,grid_090,strict contract,75.0,0.5357142857142857,0.5,140.0,0.0,0.0,0.0,0.0,0.0,0.0,0.0,0.0,0.0,0.0,0.0,0.0,4.0,2.0,2.0,0.0,0.0,0.0,4.0,2.0,2.0,0.0,0.0,0.0,0.0,0.0,0.0,0.0,0.0,0.0,0.0,0.0,0.0,1.0,2.0,5.0,2.0,3.0,2.0,1.0,0.0,0.0,0.0,0.0,0.0,{},{},{}
mutual,grid_090,judge implementation,140.0,1.0,0.0,140.0,0.0,0.0,0.0,0.0,0.0,0.0,0.0,0.0,0.0,0.0,0.0,0.0,0.0,0.0,0.0,0.0,0.0,0.0,0.0,0.0,0.0,0.0,0.0,0.0,0.0,0.0,0.0,0.0,0.0,0.0,0.0,0.0,0.0,1.0,2.0,,0.0,0.0,2.0,2.0,0.0,0.0,0.0,0.0,0.0,{},{},{}
mutual,grid_090,contract for finishing,70.0,0.5,0.5,140.0,0.0,0.0,0.0,0.0,0.0,0.0,0.0,0.0,0.0,0.0,0.0,0.0,5.0,5.0,0.0,1.0,0.0,1.0,4.0,0.0,4.0,4.0,2.0,2.0,0.0,0.0,0.0,6.0,2.0,4.0,4.0,2.0,2.0,1.0,2.0,,0.0,0.0,0.0,0.0,0.0,0.0,0.0,0.0,0.0,{},{},{}
mutual,grid_097,strict contract,140.0,1.0,0.0,140.0,0.0,0.0,0.0,0.0,0.0,0.0,0.0,0.0,0.0,0.0,0.0,0.0,1.0,0.0,1.0,0.0,0.0,0.0,1.0,1.0,0.0,0.0,0.0,0.0,0.0,0.0,0.0,0.0,0.0,0.0,0.0,0.0,0.0,1.0,2.0,5.0,2.0,3.0,2.0,2.0,0.0,0.0,0.0,0.0,0.0,{},{},{}
mutual,grid_097,judge implementation,140.0,1.0,0.03571428571428581,140.0,0.0,0.0,0.0,0.0,0.0,0.0,0.0,0.0,0.0,0.0,0.0,0.0,0.0,0.0,0.0,0.0,0.0,0.0,0.0,0.0,0.0,0.0,0.0,0.0,0.0,0.0,0.0,0.0,0.0,0.0,0.0,0.0,0.0,1.0,2.0,,0.0,0.0,2.0,3.0,0.0,1.0,0.0,0.0,0.0,{},{},{}
mutual,grid_097,contract for finishing,140.0,1.0,0.03571428571428581,140.0,0.0,0.0,0.0,0.0,0.0,0.0,0.0,0.0,0.0,0.0,0.0,0.0,3.0,2.0,1.0,2.0,1.0,1.0,1.0,0.0,1.0,5.0,3.0,2.0,0.0,0.0,0.0,6.0,3.0,3.0,5.0,2.0,3.0,1.0,3.0,,0.0,0.0,0.0,0.0,0.0,0.0,4.0,4.0,0.0,{},{},{}
mutual,grid_098,strict contract,140.0,1.0,0.0,140.0,0.0,0.0,0.0,0.0,0.0,0.0,0.0,0.0,0.0,0.0,0.0,0.0,1.0,1.0,0.0,0.0,0.0,0.0,1.0,0.0,1.0,0.0,0.0,0.0,0.0,0.0,0.0,0.0,0.0,0.0,0.0,0.0,0.0,1.0,2.0,4.0,2.0,2.0,2.0,2.0,0.0,0.0,0.0,0.0,0.0,{},{},{}
mutual,grid_098,judge implementation,140.0,1.0,0.0,140.0,0.0,0.0,0.0,0.0,0.0,0.0,0.0,0.0,0.0,0.0,0.0,0.0,0.0,0.0,0.0,0.0,0.0,0.0,0.0,0.0,0.0,0.0,0.0,0.0,0.0,0.0,0.0,0.0,0.0,0.0,0.0,0.0,0.0,1.0,2.0,,0.0,0.0,2.0,2.0,0.0,0.0,0.0,0.0,0.0,{},{},{}
mutual,grid_098,contract for finishing,0.0,0.0,0.0,140.0,0.0,0.0,0.0,0.0,0.0,0.0,0.0,0.0,0.0,0.0,0.0,0.0,4.0,4.0,0.0,1.0,0.0,1.0,3.0,0.0,3.0,0.0,0.0,0.0,7.0,2.0,5.0,5.0,2.0,3.0,0.0,0.0,0.0,1.0,2.0,,0.0,0.0,0.0,0.0,0.0,0.0,10.0,0.0,0.0,{},{},{}
mutual,grid_094,strict contract,140.0,1.0,0.0,140.0,0.0,0.0,0.0,0.0,0.0,0.0,0.0,0.0,0.0,0.0,0.0,0.0,1.0,0.0,1.0,0.0,0.0,0.0,1.0,1.0,0.0,0.0,0.0,0.0,0.0,0.0,0.0,0.0,0.0,0.0,0.0,0.0,0.0,1.0,3.0,4.0,2.0,2.0,2.0,2.0,0.0,0.0,0.0,0.0,0.0,{},{},{}
mutual,grid_094,judge implementation,140.0,1.0,0.03571428571428581,140.0,0.0,0.0,0.0,0.0,0.0,0.0,0.0,0.0,0.0,0.0,0.0,0.0,0.0,0.0,0.0,0.0,0.0,0.0,0.0,0.0,0.0,0.0,0.0,0.0,0.0,0.0,0.0,0.0,0.0,0.0,0.0,0.0,0.0,1.0,2.0,,0.0,0.0,2.0,3.0,0.0,0.0,0.0,0.0,0.0,{},{},{}
mutual,grid_094,contract for finishing,140.0,1.0,0.04285714285714293,140.0,0.0,0.0,0.0,0.0,0.0,0.0,0.0,0.0,0.0,0.0,0.0,0.0,3.0,3.0,0.0,3.0,0.0,3.0,0.0,0.0,0.0,4.0,2.0,2.0,1.0,0.0,1.0,13.0,5.0,8.0,4.0,2.0,2.0,1.0,3.0,,0.0,0.0,0.0,0.0,0.0,0.0,13.0,7.0,0.0,{},{},{}
mutual,grid_083,strict contract,140.0,1.0,0.03571428571428581,140.0,0.0,0.0,0.0,0.0,0.0,0.0,0.0,0.0,0.0,0.0,0.0,0.0,1.0,1.0,0.0,0.0,0.0,0.0,1.0,0.0,1.0,0.0,0.0,0.0,0.0,0.0,0.0,0.0,0.0,0.0,0.0,0.0,0.0,1.0,2.0,5.0,2.0,3.0,2.0,3.0,0.0,0.0,0.0,0.0,0.0,{},{},{}
mutual,grid_083,judge implementation,80.0,0.5714285714285714,0.5,140.0,0.0,0.0,0.0,0.0,0.0,0.0,0.0,0.0,0.0,0.0,0.0,0.0,0.0,0.0,0.0,0.0,0.0,0.0,0.0,0.0,0.0,0.0,0.0,0.0,0.0,0.0,0.0,0.0,0.0,0.0,0.0,0.0,0.0,1.0,2.0,,0.0,0.0,2.0,0.0,0.0,0.0,0.0,0.0,0.0,{},{},{}
mutual,grid_083,contract for finishing,140.0,1.0,0.0,140.0,0.0,0.0,0.0,0.0,0.0,0.0,0.0,0.0,0.0,0.0,0.0,0.0,2.0,2.0,0.0,1.0,0.0,1.0,1.0,0.0,1.0,4.0,2.0,2.0,0.0,0.0,0.0,4.0,2.0,2.0,4.0,2.0,2.0,1.0,2.0,,0.0,0.0,0.0,0.0,0.0,0.0,2.0,2.0,0.0,{},{},{}
mutual,grid_080,strict contract,140.0,1.0,0.0,140.0,0.0,0.0,0.0,0.0,0.0,0.0,0.0,0.0,0.0,0.0,0.0,0.0,0.0,0.0,0.0,0.0,0.0,0.0,0.0,0.0,0.0,0.0,0.0,0.0,0.0,0.0,0.0,0.0,0.0,0.0,0.0,0.0,0.0,1.0,2.0,5.0,3.0,2.0,2.0,2.0,0.0,0.0,0.0,0.0,0.0,{},{},{}
mutual,grid_080,judge implementation,80.0,0.5714285714285714,0.5,140.0,0.0,0.0,0.0,0.0,0.0,0.0,0.0,0.0,0.0,0.0,0.0,0.0,0.0,0.0,0.0,0.0,0.0,0.0,0.0,0.0,0.0,0.0,0.0,0.0,0.0,0.0,0.0,0.0,0.0,0.0,0.0,0.0,0.0,1.0,2.0,,0.0,0.0,2.0,0.0,0.0,0.0,0.0,0.0,1.0,{'move_not_adjacent': 1},{'1': {'move_not_adjacent': 1}},{'6': {'move_not_adjacent': 1}}
mutual,grid_080,contract for finishing,140.0,1.0,0.014285714285714235,140.0,0.0,0.0,0.0,0.0,0.0,0.0,0.0,0.0,0.0,0.0,0.0,0.0,2.0,2.0,0.0,2.0,0.0,2.0,0.0,0.0,0.0,4.0,2.0,2.0,0.0,0.0,0.0,7.0,3.0,4.0,4.0,2.0,2.0,1.0,3.0,,0.0,0.0,0.0,0.0,0.0,0.0,11.0,9.0,0.0,{},{},{}
mutual,grid_089,strict contract,80.0,0.5714285714285714,0.5,140.0,0.0,0.0,0.0,0.0,0.0,0.0,0.0,0.0,0.0,0.0,0.0,0.0,3.0,3.0,0.0,0.0,0.0,0.0,3.0,0.0,3.0,0.0,0.0,0.0,0.0,0.0,0.0,0.0,0.0,0.0,0.0,0.0,0.0,1.0,2.0,6.0,2.0,4.0,1.0,3.0,0.0,1.0,0.0,0.0,0.0,{},{},{}
mutual,grid_089,judge implementation,0.0,0.0,0.0,140.0,0.0,0.0,0.0,0.0,0.0,0.0,0.0,0.0,0.0,0.0,0.0,0.0,0.0,0.0,0.0,0.0,0.0,0.0,0.0,0.0,0.0,0.0,0.0,0.0,0.0,0.0,0.0,0.0,0.0,0.0,0.0,0.0,0.0,1.0,2.0,,0.0,0.0,1.0,1.0,0.0,0.0,0.0,0.0,0.0,{},{},{}
mutual,grid_089,contract for finishing,140.0,1.0,0.0,140.0,0.0,0.0,0.0,0.0,0.0,0.0,0.0,0.0,0.0,0.0,0.0,0.0,4.0,4.0,0.0,4.0,0.0,4.0,0.0,0.0,0.0,4.0,2.0,2.0,0.0,0.0,0.0,14.0,6.0,8.0,4.0,2.0,2.0,1.0,2.0,,0.0,0.0,0.0,0.0,0.0,0.0,1.0,1.0,0.0,{},{},{}
mutual,grid_093,strict contract,140.0,1.0,0.0,140.0,0.0,0.0,0.0,0.0,0.0,0.0,0.0,0.0,0.0,0.0,0.0,0.0,0.0,0.0,0.0,0.0,0.0,0.0,0.0,0.0,0.0,0.0,0.0,0.0,0.0,0.0,0.0,0.0,0.0,0.0,0.0,0.0,0.0,1.0,2.0,4.0,2.0,2.0,2.0,2.0,0.0,0.0,0.0,0.0,0.0,{},{},{}
mutual,grid_093,judge implementation,140.0,1.0,0.0,140.0,0.0,0.0,0.0,0.0,0.0,0.0,0.0,0.0,0.0,0.0,0.0,0.0,0.0,0.0,0.0,0.0,0.0,0.0,0.0,0.0,0.0,0.0,0.0,0.0,0.0,0.0,0.0,0.0,0.0,0.0,0.0,0.0,0.0,1.0,2.0,,0.0,0.0,2.0,2.0,0.0,0.0,0.0,0.0,0.0,{},{},{}
mutual,grid_093,contract for finishing,140.0,1.0,0.0,140.0,0.0,0.0,0.0,0.0,0.0,0.0,0.0,0.0,0.0,0.0,0.0,0.0,2.0,2.0,0.0,1.0,0.0,1.0,1.0,0.0,1.0,4.0,2.0,2.0,0.0,0.0,0.0,5.0,2.0,3.0,4.0,2.0,2.0,1.0,2.0,,0.0,0.0,0.0,0.0,0.0,0.0,0.0,0.0,0.0,{},{},{}
mutual,grid_088,strict contract,75.0,0.5357142857142857,0.5,140.0,0.0,0.0,0.0,0.0,0.0,0.0,0.0,0.0,0.0,0.0,0.0,0.0,8.0,8.0,0.0,0.0,0.0,0.0,8.0,0.0,8.0,0.0,0.0,0.0,0.0,0.0,0.0,0.0,0.0,0.0,0.0,0.0,0.0,1.0,3.0,4.0,2.0,2.0,1.0,2.0,0.0,0.0,0.0,0.0,0.0,{},{},{}
mutual,grid_088,judge implementation,140.0,1.0,0.0,140.0,0.0,0.0,0.0,0.0,0.0,0.0,0.0,0.0,0.0,0.0,0.0,0.0,0.0,0.0,0.0,0.0,0.0,0.0,0.0,0.0,0.0,0.0,0.0,0.0,0.0,0.0,0.0,0.0,0.0,0.0,0.0,0.0,0.0,1.0,2.0,,0.0,0.0,2.0,2.0,0.0,0.0,0.0,0.0,0.0,{},{},{}
mutual,grid_088,contract for finishing,140.0,1.0,0.0,140.0,0.0,0.0,0.0,0.0,0.0,0.0,0.0,0.0,0.0,0.0,0.0,0.0,2.0,2.0,0.0,1.0,0.0,1.0,1.0,0.0,1.0,4.0,2.0,2.0,0.0,0.0,0.0,5.0,2.0,3.0,4.0,2.0,2.0,1.0,2.0,,0.0,0.0,0.0,0.0,0.0,0.0,0.0,0.0,0.0,{},{},{}
mutual,grid_081,strict contract,140.0,1.0,0.0,140.0,0.0,0.0,0.0,0.0,0.0,0.0,0.0,0.0,0.0,0.0,0.0,0.0,0.0,0.0,0.0,0.0,0.0,0.0,0.0,0.0,0.0,0.0,0.0,0.0,0.0,0.0,0.0,0.0,0.0,0.0,0.0,0.0,0.0,1.0,2.0,7.0,2.0,5.0,2.0,2.0,0.0,0.0,0.0,0.0,0.0,{},{},{}
mutual,grid_081,judge implementation,75.0,0.5357142857142857,0.5,140.0,0.0,0.0,0.0,0.0,0.0,0.0,0.0,0.0,0.0,0.0,0.0,0.0,0.0,0.0,0.0,0.0,0.0,0.0,0.0,0.0,0.0,0.0,0.0,0.0,0.0,0.0,0.0,0.0,0.0,0.0,0.0,0.0,0.0,1.0,2.0,,0.0,0.0,2.0,1.0,1.0,1.0,0.0,0.0,0.0,{},{},{}
mutual,grid_081,contract for finishing,75.0,0.5357142857142857,0.3666666666666667,140.0,0.0,0.0,0.0,0.0,0.0,0.0,0.0,0.0,0.0,0.0,0.0,0.0,1.0,1.0,0.0,1.0,0.0,1.0,0.0,0.0,0.0,3.0,1.0,2.0,6.0,5.0,1.0,4.0,2.0,2.0,3.0,2.0,1.0,1.0,2.0,,0.0,0.0,0.0,0.0,0.0,0.0,10.0,10.0,0.0,{},{},{}
mutual,grid_091,strict contract,140.0,1.0,0.0,140.0,0.0,0.0,0.0,0.0,0.0,0.0,0.0,0.0,0.0,0.0,0.0,0.0,1.0,1.0,0.0,1.0,0.0,1.0,0.0,0.0,0.0,0.0,0.0,0.0,0.0,0.0,0.0,4.0,2.0,2.0,0.0,0.0,0.0,1.0,2.0,4.0,2.0,2.0,2.0,2.0,0.0,0.0,0.0,0.0,0.0,{},{},{}
mutual,grid_091,judge implementation,140.0,1.0,0.03571428571428581,140.0,0.0,0.0,0.0,0.0,0.0,0.0,0.0,0.0,0.0,0.0,0.0,0.0,0.0,0.0,0.0,0.0,0.0,0.0,0.0,0.0,0.0,0.0,0.0,0.0,0.0,0.0,0.0,0.0,0.0,0.0,0.0,0.0,0.0,1.0,3.0,,0.0,0.0,3.0,2.0,0.0,0.0,0.0,0.0,0.0,{},{},{}
mutual,grid_091,contract for finishing,80.0,0.5714285714285714,0.32499999999999996,140.0,0.0,0.0,0.0,0.0,0.0,0.0,0.0,0.0,0.0,0.0,0.0,0.0,2.0,2.0,0.0,1.0,0.0,1.0,1.0,0.0,1.0,2.0,2.0,0.0,5.0,0.0,5.0,5.0,2.0,3.0,2.0,0.0,2.0,1.0,3.0,,0.0,0.0,0.0,0.0,0.0,0.0,14.0,6.0,0.0,{},{},{}
mutual,grid_084,strict contract,140.0,1.0,0.0,140.0,0.0,0.0,0.0,0.0,0.0,0.0,0.0,0.0,0.0,0.0,0.0,0.0,1.0,1.0,0.0,1.0,0.0,1.0,0.0,0.0,0.0,1.0,1.0,0.0,0.0,0.0,0.0,3.0,1.0,2.0,1.0,0.0,1.0,1.0,2.0,3.0,2.0,1.0,2.0,1.0,0.0,0.0,0.0,0.0,0.0,{},{},{}
mutual,grid_084,judge implementation,0.0,0.0,0.0,140.0,0.0,0.0,0.0,0.0,0.0,0.0,0.0,0.0,0.0,0.0,0.0,0.0,0.0,0.0,0.0,0.0,0.0,0.0,0.0,0.0,0.0,0.0,0.0,0.0,0.0,0.0,0.0,0.0,0.0,0.0,0.0,0.0,0.0,1.0,2.0,,0.0,0.0,1.0,0.0,1.0,0.0,0.0,0.0,0.0,{},{},{}
mutual,grid_084,contract for finishing,140.0,1.0,0.0,140.0,0.0,0.0,0.0,0.0,0.0,0.0,0.0,0.0,0.0,0.0,0.0,0.0,3.0,2.0,1.0,2.0,1.0,1.0,1.0,0.0,1.0,4.0,2.0,2.0,0.0,0.0,0.0,7.0,3.0,4.0,4.0,2.0,2.0,1.0,2.0,,0.0,0.0,0.0,0.0,0.0,0.0,4.0,4.0,0.0,{},{},{}
mutual,grid_099,strict contract,140.0,1.0,0.0,140.0,0.0,0.0,0.0,0.0,0.0,0.0,0.0,0.0,0.0,0.0,0.0,0.0,0.0,0.0,0.0,0.0,0.0,0.0,0.0,0.0,0.0,0.0,0.0,0.0,0.0,0.0,0.0,0.0,0.0,0.0,0.0,0.0,0.0,1.0,2.0,4.0,2.0,2.0,2.0,2.0,0.0,0.0,0.0,0.0,0.0,{},{},{}
mutual,grid_099,judge implementation,140.0,1.0,0.0,140.0,0.0,0.0,0.0,0.0,0.0,0.0,0.0,0.0,0.0,0.0,0.0,0.0,0.0,0.0,0.0,0.0,0.0,0.0,0.0,0.0,0.0,0.0,0.0,0.0,0.0,0.0,0.0,0.0,0.0,0.0,0.0,0.0,0.0,1.0,2.0,,0.0,0.0,2.0,2.0,0.0,0.0,0.0,0.0,0.0,{},{},{}
mutual,grid_099,contract for finishing,75.0,0.5357142857142857,0.32666666666666666,140.0,0.0,0.0,0.0,0.0,0.0,0.0,0.0,0.0,0.0,0.0,0.0,0.0,3.0,3.0,0.0,1.0,0.0,1.0,2.0,0.0,2.0,3.0,2.0,1.0,4.0,0.0,4.0,5.0,2.0,3.0,3.0,1.0,2.0,1.0,3.0,,0.0,0.0,0.0,0.0,0.0,0.0,13.0,7.0,0.0,{},{},{}
mutual,grid_096,strict contract,140.0,1.0,0.0,140.0,0.0,0.0,0.0,0.0,0.0,0.0,0.0,0.0,0.0,0.0,0.0,0.0,4.0,2.0,2.0,1.0,1.0,0.0,3.0,1.0,2.0,2.0,1.0,1.0,0.0,0.0,0.0,2.0,1.0,1.0,2.0,1.0,1.0,1.0,2.0,4.0,2.0,2.0,1.0,1.0,1.0,0.0,0.0,0.0,0.0,{},{},{}
mutual,grid_096,judge implementation,70.0,0.5,0.5,140.0,0.0,0.0,0.0,0.0,0.0,0.0,0.0,0.0,0.0,0.0,0.0,0.0,0.0,0.0,0.0,0.0,0.0,0.0,0.0,0.0,0.0,0.0,0.0,0.0,0.0,0.0,0.0,0.0,0.0,0.0,0.0,0.0,0.0,1.0,2.0,,0.0,0.0,2.0,2.0,1.0,1.0,0.0,0.0,0.0,{},{},{}
mutual,grid_096,contract for finishing,140.0,1.0,0.0,140.0,0.0,0.0,0.0,0.0,0.0,0.0,0.0,0.0,0.0,0.0,0.0,0.0,3.0,3.0,0.0,2.0,0.0,2.0,1.0,0.0,1.0,4.0,2.0,2.0,1.0,1.0,0.0,7.0,3.0,4.0,4.0,2.0,2.0,1.0,2.0,,0.0,0.0,0.0,0.0,0.0,0.0,0.0,0.0,0.0,{},{},{}
independent,grid_008,strict contract,140.0,1.0,0.0,140.0,0.0,0.0,0.0,0.0,0.0,0.0,0.0,0.0,0.0,0.0,0.0,0.0,0.0,0.0,0.0,0.0,0.0,0.0,0.0,0.0,0.0,0.0,0.0,0.0,0.0,0.0,0.0,0.0,0.0,0.0,0.0,0.0,0.0,0.0,3.0,0.0,0.0,0.0,0.0,0.0,0.0,0.0,0.0,0.0,0.0,{},{},{}
independent,grid_008,judge implementation,140.0,1.0,0.0,140.0,0.0,0.0,0.0,0.0,0.0,0.0,0.0,0.0,0.0,0.0,0.0,0.0,0.0,0.0,0.0,0.0,0.0,0.0,0.0,0.0,0.0,0.0,0.0,0.0,0.0,0.0,0.0,0.0,0.0,0.0,0.0,0.0,0.0,1.0,3.0,,0.0,0.0,0.0,0.0,0.0,0.0,0.0,0.0,0.0,{},{},{}
independent,grid_008,contract for finishing,140.0,1.0,0.0,140.0,0.0,0.0,0.0,0.0,0.0,0.0,0.0,0.0,0.0,0.0,0.0,0.0,0.0,0.0,0.0,0.0,0.0,0.0,0.0,0.0,0.0,0.0,0.0,0.0,0.0,0.0,0.0,0.0,0.0,0.0,0.0,0.0,0.0,1.0,2.0,,0.0,0.0,0.0,0.0,0.0,0.0,0.0,0.0,0.0,{},{},{}
independent,grid_010,strict contract,140.0,1.0,0.0,140.0,0.0,0.0,0.0,0.0,0.0,0.0,0.0,0.0,0.0,0.0,0.0,0.0,0.0,0.0,0.0,0.0,0.0,0.0,0.0,0.0,0.0,0.0,0.0,0.0,0.0,0.0,0.0,0.0,0.0,0.0,0.0,0.0,0.0,0.0,0.0,0.0,0.0,0.0,0.0,0.0,0.0,0.0,0.0,0.0,0.0,{},{},{}
independent,grid_010,judge implementation,140.0,1.0,0.0,140.0,0.0,0.0,0.0,0.0,0.0,0.0,0.0,0.0,0.0,0.0,0.0,0.0,0.0,0.0,0.0,0.0,0.0,0.0,0.0,0.0,0.0,0.0,0.0,0.0,0.0,0.0,0.0,0.0,0.0,0.0,0.0,0.0,0.0,1.0,6.0,,0.0,0.0,0.0,0.0,0.0,0.0,0.0,0.0,0.0,{},{},{}
independent,grid_010,contract for finishing,140.0,1.0,0.0,140.0,0.0,0.0,0.0,0.0,0.0,0.0,0.0,0.0,0.0,0.0,0.0,0.0,0.0,0.0,0.0,0.0,0.0,0.0,0.0,0.0,0.0,0.0,0.0,0.0,0.0,0.0,0.0,0.0,0.0,0.0,0.0,0.0,0.0,1.0,2.0,,0.0,0.0,0.0,0.0,0.0,0.0,0.0,0.0,0.0,{},{},{}
independent,grid_013,strict contract,140.0,1.0,0.0,140.0,0.0,0.0,0.0,0.0,0.0,0.0,0.0,0.0,0.0,0.0,0.0,0.0,0.0,0.0,0.0,0.0,0.0,0.0,0.0,0.0,0.0,0.0,0.0,0.0,0.0,0.0,0.0,0.0,0.0,0.0,0.0,0.0,0.0,0.0,0.0,0.0,0.0,0.0,0.0,0.0,0.0,0.0,0.0,0.0,0.0,{},{},{}
independent,grid_013,judge implementation,140.0,1.0,0.0,140.0,0.0,0.0,0.0,0.0,0.0,0.0,0.0,0.0,0.0,0.0,0.0,0.0,0.0,0.0,0.0,0.0,0.0,0.0,0.0,0.0,0.0,0.0,0.0,0.0,0.0,0.0,0.0,0.0,0.0,0.0,0.0,0.0,0.0,0.0,0.0,0.0,0.0,0.0,0.0,0.0,0.0,0.0,0.0,0.0,0.0,{},{},{}
independent,grid_013,contract for finishing,140.0,1.0,0.0,140.0,0.0,0.0,0.0,0.0,0.0,0.0,0.0,0.0,0.0,0.0,0.0,0.0,0.0,0.0,0.0,0.0,0.0,0.0,0.0,0.0,0.0,0.0,0.0,0.0,0.0,0.0,0.0,0.0,0.0,0.0,0.0,0.0,0.0,1.0,2.0,,0.0,0.0,0.0,0.0,0.0,0.0,0.0,0.0,0.0,{},{},{}
independent,grid_011,strict contract,140.0,1.0,0.0,140.0,0.0,0.0,0.0,0.0,0.0,0.0,0.0,0.0,0.0,0.0,0.0,0.0,0.0,0.0,0.0,0.0,0.0,0.0,0.0,0.0,0.0,0.0,0.0,0.0,0.0,0.0,0.0,0.0,0.0,0.0,0.0,0.0,0.0,0.0,3.0,0.0,0.0,0.0,0.0,0.0,0.0,0.0,0.0,0.0,0.0,{},{},{}
independent,grid_011,judge implementation,140.0,1.0,0.0,140.0,0.0,0.0,0.0,0.0,0.0,0.0,0.0,0.0,0.0,0.0,0.0,0.0,0.0,0.0,0.0,0.0,0.0,0.0,0.0,0.0,0.0,0.0,0.0,0.0,0.0,0.0,0.0,0.0,0.0,0.0,0.0,0.0,0.0,0.0,0.0,0.0,0.0,0.0,0.0,0.0,0.0,0.0,0.0,0.0,0.0,{},{},{}
independent,grid_011,contract for finishing,140.0,1.0,0.0,140.0,0.0,0.0,0.0,0.0,0.0,0.0,0.0,0.0,0.0,0.0,0.0,0.0,0.0,0.0,0.0,0.0,0.0,0.0,0.0,0.0,0.0,0.0,0.0,0.0,0.0,0.0,0.0,0.0,0.0,0.0,0.0,0.0,0.0,1.0,2.0,,0.0,0.0,0.0,0.0,0.0,0.0,0.0,0.0,0.0,{},{},{}
independent,grid_012,strict contract,140.0,1.0,0.0,140.0,0.0,0.0,0.0,0.0,0.0,0.0,0.0,0.0,0.0,0.0,0.0,0.0,0.0,0.0,0.0,0.0,0.0,0.0,0.0,0.0,0.0,0.0,0.0,0.0,0.0,0.0,0.0,0.0,0.0,0.0,0.0,0.0,0.0,0.0,3.0,0.0,0.0,0.0,0.0,0.0,0.0,0.0,0.0,0.0,0.0,{},{},{}
independent,grid_012,judge implementation,140.0,1.0,0.1785714285714286,140.0,0.0,0.0,0.0,0.0,0.0,0.0,0.0,0.0,0.0,0.0,0.0,0.0,0.0,0.0,0.0,0.0,0.0,0.0,0.0,0.0,0.0,0.0,0.0,0.0,0.0,0.0,0.0,0.0,0.0,0.0,0.0,0.0,0.0,1.0,2.0,,0.0,0.0,5.0,0.0,0.0,3.0,0.0,0.0,0.0,{},{},{}
independent,grid_012,contract for finishing,140.0,1.0,0.0,140.0,0.0,0.0,0.0,0.0,0.0,0.0,0.0,0.0,0.0,0.0,0.0,0.0,0.0,0.0,0.0,0.0,0.0,0.0,0.0,0.0,0.0,0.0,0.0,0.0,0.0,0.0,0.0,0.0,0.0,0.0,0.0,0.0,0.0,1.0,2.0,,0.0,0.0,0.0,0.0,0.0,0.0,0.0,0.0,0.0,{},{},{}
independent,grid_009,strict contract,140.0,1.0,0.0,140.0,0.0,0.0,0.0,0.0,0.0,0.0,0.0,0.0,0.0,0.0,0.0,0.0,0.0,0.0,0.0,0.0,0.0,0.0,0.0,0.0,0.0,0.0,0.0,0.0,0.0,0.0,0.0,0.0,0.0,0.0,0.0,0.0,0.0,0.0,3.0,0.0,0.0,0.0,0.0,0.0,0.0,0.0,0.0,0.0,0.0,{},{},{}
independent,grid_009,judge implementation,140.0,1.0,0.0,140.0,0.0,0.0,0.0,0.0,0.0,0.0,0.0,0.0,0.0,0.0,0.0,0.0,0.0,0.0,0.0,0.0,0.0,0.0,0.0,0.0,0.0,0.0,0.0,0.0,0.0,0.0,0.0,0.0,0.0,0.0,0.0,0.0,0.0,1.0,6.0,,0.0,0.0,0.0,0.0,0.0,0.0,0.0,0.0,0.0,{},{},{}
independent,grid_009,contract for finishing,140.0,1.0,0.0,140.0,0.0,0.0,0.0,0.0,0.0,0.0,0.0,0.0,0.0,0.0,0.0,0.0,0.0,0.0,0.0,0.0,0.0,0.0,0.0,0.0,0.0,0.0,0.0,0.0,0.0,0.0,0.0,0.0,0.0,0.0,0.0,0.0,0.0,1.0,2.0,,0.0,0.0,0.0,0.0,0.0,0.0,0.0,0.0,0.0,{},{},{}
independent,grid_006,strict contract,140.0,1.0,0.0,140.0,0.0,0.0,0.0,0.0,0.0,0.0,0.0,0.0,0.0,0.0,0.0,0.0,0.0,0.0,0.0,0.0,0.0,0.0,0.0,0.0,0.0,0.0,0.0,0.0,0.0,0.0,0.0,0.0,0.0,0.0,0.0,0.0,0.0,1.0,2.0,10.0,5.0,5.0,0.0,0.0,5.0,5.0,0.0,0.0,0.0,{},{},{}
independent,grid_006,judge implementation,140.0,1.0,0.0,140.0,0.0,0.0,0.0,0.0,0.0,0.0,0.0,0.0,0.0,0.0,0.0,0.0,0.0,0.0,0.0,0.0,0.0,0.0,0.0,0.0,0.0,0.0,0.0,0.0,0.0,0.0,0.0,0.0,0.0,0.0,0.0,0.0,0.0,1.0,4.0,,0.0,0.0,0.0,0.0,0.0,0.0,0.0,0.0,0.0,{},{},{}
independent,grid_006,contract for finishing,140.0,1.0,0.0,140.0,0.0,0.0,0.0,0.0,0.0,0.0,0.0,0.0,0.0,0.0,0.0,0.0,0.0,0.0,0.0,0.0,0.0,0.0,0.0,0.0,0.0,0.0,0.0,0.0,0.0,0.0,0.0,0.0,0.0,0.0,0.0,0.0,0.0,1.0,2.0,,0.0,0.0,0.0,0.0,0.0,0.0,0.0,0.0,0.0,{},{},{}
independent,grid_018,strict contract,140.0,1.0,0.0,140.0,0.0,0.0,0.0,0.0,0.0,0.0,0.0,0.0,0.0,0.0,0.0,0.0,0.0,0.0,0.0,0.0,0.0,0.0,0.0,0.0,0.0,0.0,0.0,0.0,0.0,0.0,0.0,0.0,0.0,0.0,0.0,0.0,0.0,0.0,0.0,0.0,0.0,0.0,0.0,0.0,0.0,0.0,0.0,0.0,0.0,{},{},{}
independent,grid_018,judge implementation,140.0,1.0,0.0,140.0,0.0,0.0,0.0,0.0,0.0,0.0,0.0,0.0,0.0,0.0,0.0,0.0,0.0,0.0,0.0,0.0,0.0,0.0,0.0,0.0,0.0,0.0,0.0,0.0,0.0,0.0,0.0,0.0,0.0,0.0,0.0,0.0,0.0,0.0,0.0,0.0,0.0,0.0,0.0,0.0,0.0,0.0,0.0,0.0,0.0,{},{},{}
independent,grid_018,contract for finishing,140.0,1.0,0.0,140.0,0.0,0.0,0.0,0.0,0.0,0.0,0.0,0.0,0.0,0.0,0.0,0.0,0.0,0.0,0.0,0.0,0.0,0.0,0.0,0.0,0.0,0.0,0.0,0.0,0.0,0.0,0.0,0.0,0.0,0.0,0.0,0.0,0.0,1.0,2.0,,0.0,0.0,0.0,0.0,0.0,0.0,0.0,0.0,0.0,{},{},{}
independent,grid_000,strict contract,140.0,1.0,0.0,140.0,0.0,0.0,0.0,0.0,0.0,0.0,0.0,0.0,0.0,0.0,0.0,0.0,0.0,0.0,0.0,0.0,0.0,0.0,0.0,0.0,0.0,0.0,0.0,0.0,0.0,0.0,0.0,0.0,0.0,0.0,0.0,0.0,0.0,0.0,5.0,0.0,0.0,0.0,0.0,0.0,0.0,0.0,0.0,0.0,0.0,{},{},{}
independent,grid_000,judge implementation,140.0,1.0,0.1785714285714286,140.0,0.0,0.0,0.0,0.0,0.0,0.0,0.0,0.0,0.0,0.0,0.0,0.0,0.0,0.0,0.0,0.0,0.0,0.0,0.0,0.0,0.0,0.0,0.0,0.0,0.0,0.0,0.0,0.0,0.0,0.0,0.0,0.0,0.0,1.0,2.0,,0.0,0.0,5.0,0.0,0.0,1.0,0.0,0.0,0.0,{},{},{}
independent,grid_000,contract for finishing,140.0,1.0,0.1428571428571428,140.0,0.0,0.0,0.0,0.0,0.0,0.0,0.0,0.0,0.0,0.0,0.0,0.0,0.0,0.0,0.0,0.0,0.0,0.0,0.0,0.0,0.0,0.0,0.0,0.0,0.0,0.0,0.0,0.0,0.0,0.0,0.0,0.0,0.0,1.0,2.0,,0.0,0.0,0.0,0.0,0.0,0.0,20.0,0.0,0.0,{},{},{}
independent,grid_017,strict contract,140.0,1.0,0.0,140.0,0.0,0.0,0.0,0.0,0.0,0.0,0.0,0.0,0.0,0.0,0.0,0.0,0.0,0.0,0.0,0.0,0.0,0.0,0.0,0.0,0.0,0.0,0.0,0.0,0.0,0.0,0.0,0.0,0.0,0.0,0.0,0.0,0.0,0.0,4.0,0.0,0.0,0.0,0.0,0.0,0.0,0.0,0.0,0.0,0.0,{},{},{}
independent,grid_017,judge implementation,140.0,1.0,0.0,140.0,0.0,0.0,0.0,0.0,0.0,0.0,0.0,0.0,0.0,0.0,0.0,0.0,0.0,0.0,0.0,0.0,0.0,0.0,0.0,0.0,0.0,0.0,0.0,0.0,0.0,0.0,0.0,0.0,0.0,0.0,0.0,0.0,0.0,1.0,4.0,,0.0,0.0,0.0,0.0,0.0,0.0,0.0,0.0,0.0,{},{},{}
independent,grid_017,contract for finishing,140.0,1.0,0.0,140.0,0.0,0.0,0.0,0.0,0.0,0.0,0.0,0.0,0.0,0.0,0.0,0.0,0.0,0.0,0.0,0.0,0.0,0.0,0.0,0.0,0.0,0.0,0.0,0.0,0.0,0.0,0.0,0.0,0.0,0.0,0.0,0.0,0.0,1.0,2.0,,0.0,0.0,0.0,0.0,0.0,0.0,0.0,0.0,0.0,{},{},{}
independent,grid_007,strict contract,140.0,1.0,0.0,140.0,0.0,0.0,0.0,0.0,0.0,0.0,0.0,0.0,0.0,0.0,0.0,0.0,0.0,0.0,0.0,0.0,0.0,0.0,0.0,0.0,0.0,0.0,0.0,0.0,0.0,0.0,0.0,0.0,0.0,0.0,0.0,0.0,0.0,0.0,0.0,0.0,0.0,0.0,0.0,0.0,0.0,0.0,0.0,0.0,0.0,{},{},{}
independent,grid_007,judge implementation,140.0,1.0,0.1785714285714286,140.0,0.0,0.0,0.0,0.0,0.0,0.0,0.0,0.0,0.0,0.0,0.0,0.0,0.0,0.0,0.0,0.0,0.0,0.0,0.0,0.0,0.0,0.0,0.0,0.0,0.0,0.0,0.0,0.0,0.0,0.0,0.0,0.0,0.0,1.0,2.0,,0.0,0.0,5.0,0.0,0.0,0.0,0.0,0.0,0.0,{},{},{}
independent,grid_007,contract for finishing,140.0,1.0,0.0,140.0,0.0,0.0,0.0,0.0,0.0,0.0,0.0,0.0,0.0,0.0,0.0,0.0,0.0,0.0,0.0,0.0,0.0,0.0,0.0,0.0,0.0,0.0,0.0,0.0,0.0,0.0,0.0,0.0,0.0,0.0,0.0,0.0,0.0,1.0,2.0,,0.0,0.0,0.0,0.0,0.0,0.0,0.0,0.0,0.0,{},{},{}
independent,grid_002,strict contract,140.0,1.0,0.0,140.0,0.0,0.0,0.0,0.0,0.0,0.0,0.0,0.0,0.0,0.0,0.0,0.0,0.0,0.0,0.0,0.0,0.0,0.0,0.0,0.0,0.0,0.0,0.0,0.0,0.0,0.0,0.0,0.0,0.0,0.0,0.0,0.0,0.0,0.0,3.0,0.0,0.0,0.0,0.0,0.0,0.0,0.0,0.0,0.0,0.0,{},{},{}
independent,grid_002,judge implementation,140.0,1.0,0.0,140.0,0.0,0.0,0.0,0.0,0.0,0.0,0.0,0.0,0.0,0.0,0.0,0.0,0.0,0.0,0.0,0.0,0.0,0.0,0.0,0.0,0.0,0.0,0.0,0.0,0.0,0.0,0.0,0.0,0.0,0.0,0.0,0.0,0.0,1.0,4.0,,0.0,0.0,0.0,0.0,0.0,1.0,0.0,0.0,0.0,{},{},{}
independent,grid_002,contract for finishing,140.0,1.0,0.0,140.0,0.0,0.0,0.0,0.0,0.0,0.0,0.0,0.0,0.0,0.0,0.0,0.0,0.0,0.0,0.0,0.0,0.0,0.0,0.0,0.0,0.0,0.0,0.0,0.0,0.0,0.0,0.0,0.0,0.0,0.0,0.0,0.0,0.0,1.0,3.0,,0.0,0.0,0.0,0.0,0.0,0.0,2.0,2.0,0.0,{},{},{}
independent,grid_004,strict contract,140.0,1.0,0.03571428571428581,140.0,0.0,0.0,0.0,0.0,0.0,0.0,0.0,0.0,0.0,0.0,0.0,0.0,0.0,0.0,0.0,0.0,0.0,0.0,0.0,0.0,0.0,0.0,0.0,0.0,0.0,0.0,0.0,0.0,0.0,0.0,0.0,0.0,0.0,1.0,2.0,10.0,5.0,5.0,1.0,0.0,0.0,0.0,0.0,0.0,0.0,{},{},{}
independent,grid_004,judge implementation,140.0,1.0,0.0,140.0,0.0,0.0,0.0,0.0,0.0,0.0,0.0,0.0,0.0,0.0,0.0,0.0,0.0,0.0,0.0,0.0,0.0,0.0,0.0,0.0,0.0,0.0,0.0,0.0,0.0,0.0,0.0,0.0,0.0,0.0,0.0,0.0,0.0,1.0,3.0,,0.0,0.0,0.0,0.0,0.0,0.0,0.0,0.0,0.0,{},{},{}
independent,grid_004,contract for finishing,140.0,1.0,0.0,140.0,0.0,0.0,0.0,0.0,0.0,0.0,0.0,0.0,0.0,0.0,0.0,0.0,0.0,0.0,0.0,0.0,0.0,0.0,0.0,0.0,0.0,0.0,0.0,0.0,0.0,0.0,0.0,0.0,0.0,0.0,0.0,0.0,0.0,1.0,2.0,,0.0,0.0,0.0,0.0,0.0,0.0,0.0,0.0,0.0,{},{},{}
independent,grid_003,strict contract,140.0,1.0,0.0,140.0,0.0,0.0,0.0,0.0,0.0,0.0,0.0,0.0,0.0,0.0,0.0,0.0,0.0,0.0,0.0,0.0,0.0,0.0,0.0,0.0,0.0,0.0,0.0,0.0,0.0,0.0,0.0,0.0,0.0,0.0,0.0,0.0,0.0,0.0,4.0,0.0,0.0,0.0,0.0,0.0,0.0,0.0,0.0,0.0,0.0,{},{},{}
independent,grid_003,judge implementation,140.0,1.0,0.0,140.0,0.0,0.0,0.0,0.0,0.0,0.0,0.0,0.0,0.0,0.0,0.0,0.0,0.0,0.0,0.0,0.0,0.0,0.0,0.0,0.0,0.0,0.0,0.0,0.0,0.0,0.0,0.0,0.0,0.0,0.0,0.0,0.0,0.0,0.0,0.0,0.0,0.0,0.0,0.0,0.0,0.0,0.0,0.0,0.0,0.0,{},{},{}
independent,grid_003,contract for finishing,140.0,1.0,0.0,140.0,0.0,0.0,0.0,0.0,0.0,0.0,0.0,0.0,0.0,0.0,0.0,0.0,0.0,0.0,0.0,0.0,0.0,0.0,0.0,0.0,0.0,0.0,0.0,0.0,0.0,0.0,0.0,0.0,0.0,0.0,0.0,0.0,0.0,1.0,2.0,,0.0,0.0,0.0,0.0,0.0,0.0,0.0,0.0,0.0,{},{},{}
independent,grid_005,strict contract,140.0,1.0,0.0,140.0,0.0,0.0,0.0,0.0,0.0,0.0,0.0,0.0,0.0,0.0,0.0,0.0,0.0,0.0,0.0,0.0,0.0,0.0,0.0,0.0,0.0,0.0,0.0,0.0,0.0,0.0,0.0,0.0,0.0,0.0,0.0,0.0,0.0,0.0,0.0,0.0,0.0,0.0,0.0,0.0,0.0,0.0,0.0,0.0,0.0,{},{},{}
independent,grid_005,judge implementation,140.0,1.0,0.0,140.0,0.0,0.0,0.0,0.0,0.0,0.0,0.0,0.0,0.0,0.0,0.0,0.0,0.0,0.0,0.0,0.0,0.0,0.0,0.0,0.0,0.0,0.0,0.0,0.0,0.0,0.0,0.0,0.0,0.0,0.0,0.0,0.0,0.0,1.0,3.0,,0.0,0.0,0.0,0.0,0.0,0.0,0.0,0.0,0.0,{},{},{}
independent,grid_005,contract for finishing,140.0,1.0,0.0,140.0,0.0,0.0,0.0,0.0,0.0,0.0,0.0,0.0,0.0,0.0,0.0,0.0,0.0,0.0,0.0,0.0,0.0,0.0,0.0,0.0,0.0,0.0,0.0,0.0,0.0,0.0,0.0,0.0,0.0,0.0,0.0,0.0,0.0,1.0,3.0,,0.0,0.0,0.0,0.0,0.0,0.0,0.0,0.0,0.0,{},{},{}
independent,grid_019,strict contract,140.0,1.0,0.0,140.0,0.0,0.0,0.0,0.0,0.0,0.0,0.0,0.0,0.0,0.0,0.0,0.0,0.0,0.0,0.0,0.0,0.0,0.0,0.0,0.0,0.0,0.0,0.0,0.0,0.0,0.0,0.0,0.0,0.0,0.0,0.0,0.0,0.0,0.0,3.0,0.0,0.0,0.0,0.0,0.0,0.0,0.0,0.0,0.0,0.0,{},{},{}
independent,grid_019,judge implementation,140.0,1.0,0.0,140.0,0.0,0.0,0.0,0.0,0.0,0.0,0.0,0.0,0.0,0.0,0.0,0.0,0.0,0.0,0.0,0.0,0.0,0.0,0.0,0.0,0.0,0.0,0.0,0.0,0.0,0.0,0.0,0.0,0.0,0.0,0.0,0.0,0.0,0.0,0.0,0.0,0.0,0.0,0.0,0.0,0.0,0.0,0.0,0.0,0.0,{},{},{}
independent,grid_019,contract for finishing,140.0,1.0,0.0,140.0,0.0,0.0,0.0,0.0,0.0,0.0,0.0,0.0,0.0,0.0,0.0,0.0,0.0,0.0,0.0,0.0,0.0,0.0,0.0,0.0,0.0,0.0,0.0,0.0,0.0,0.0,0.0,0.0,0.0,0.0,0.0,0.0,0.0,1.0,2.0,,0.0,0.0,0.0,0.0,0.0,0.0,0.0,0.0,0.0,{},{},{}
independent,grid_015,strict contract,140.0,1.0,0.0,140.0,0.0,0.0,0.0,0.0,0.0,0.0,0.0,0.0,0.0,0.0,0.0,0.0,0.0,0.0,0.0,0.0,0.0,0.0,0.0,0.0,0.0,0.0,0.0,0.0,0.0,0.0,0.0,0.0,0.0,0.0,0.0,0.0,0.0,0.0,4.0,0.0,0.0,0.0,0.0,0.0,0.0,0.0,0.0,0.0,0.0,{},{},{}
independent,grid_015,judge implementation,140.0,1.0,0.0,140.0,0.0,0.0,0.0,0.0,0.0,0.0,0.0,0.0,0.0,0.0,0.0,0.0,0.0,0.0,0.0,0.0,0.0,0.0,0.0,0.0,0.0,0.0,0.0,0.0,0.0,0.0,0.0,0.0,0.0,0.0,0.0,0.0,0.0,0.0,0.0,0.0,0.0,0.0,0.0,0.0,0.0,0.0,0.0,0.0,0.0,{},{},{}
independent,grid_015,contract for finishing,140.0,1.0,0.0,140.0,0.0,0.0,0.0,0.0,0.0,0.0,0.0,0.0,0.0,0.0,0.0,0.0,0.0,0.0,0.0,0.0,0.0,0.0,0.0,0.0,0.0,0.0,0.0,0.0,0.0,0.0,0.0,0.0,0.0,0.0,0.0,0.0,0.0,1.0,2.0,,0.0,0.0,0.0,0.0,0.0,0.0,0.0,0.0,0.0,{},{},{}
independent,grid_016,strict contract,140.0,1.0,0.0,140.0,0.0,0.0,0.0,0.0,0.0,0.0,0.0,0.0,0.0,0.0,0.0,0.0,0.0,0.0,0.0,0.0,0.0,0.0,0.0,0.0,0.0,0.0,0.0,0.0,0.0,0.0,0.0,0.0,0.0,0.0,0.0,0.0,0.0,0.0,0.0,0.0,0.0,0.0,0.0,0.0,0.0,0.0,0.0,0.0,0.0,{},{},{}
independent,grid_016,judge implementation,140.0,1.0,0.1785714285714286,140.0,0.0,0.0,0.0,0.0,0.0,0.0,0.0,0.0,0.0,0.0,0.0,0.0,0.0,0.0,0.0,0.0,0.0,0.0,0.0,0.0,0.0,0.0,0.0,0.0,0.0,0.0,0.0,0.0,0.0,0.0,0.0,0.0,0.0,1.0,2.0,,0.0,0.0,5.0,0.0,0.0,5.0,0.0,0.0,0.0,{},{},{}
independent,grid_016,contract for finishing,140.0,1.0,0.0,140.0,0.0,0.0,0.0,0.0,0.0,0.0,0.0,0.0,0.0,0.0,0.0,0.0,0.0,0.0,0.0,0.0,0.0,0.0,0.0,0.0,0.0,0.0,0.0,0.0,0.0,0.0,0.0,0.0,0.0,0.0,0.0,0.0,0.0,1.0,2.0,,0.0,0.0,0.0,0.0,0.0,0.0,0.0,0.0,0.0,{},{},{}
independent,grid_014,strict contract,140.0,1.0,0.0,140.0,0.0,0.0,0.0,0.0,0.0,0.0,0.0,0.0,0.0,0.0,0.0,0.0,0.0,0.0,0.0,0.0,0.0,0.0,0.0,0.0,0.0,0.0,0.0,0.0,0.0,0.0,0.0,0.0,0.0,0.0,0.0,0.0,0.0,0.0,3.0,0.0,0.0,0.0,0.0,0.0,0.0,0.0,0.0,0.0,0.0,{},{},{}
independent,grid_014,judge implementation,140.0,1.0,0.0,140.0,0.0,0.0,0.0,0.0,0.0,0.0,0.0,0.0,0.0,0.0,0.0,0.0,0.0,0.0,0.0,0.0,0.0,0.0,0.0,0.0,0.0,0.0,0.0,0.0,0.0,0.0,0.0,0.0,0.0,0.0,0.0,0.0,0.0,0.0,0.0,0.0,0.0,0.0,0.0,0.0,0.0,0.0,0.0,0.0,0.0,{},{},{}
independent,grid_014,contract for finishing,140.0,1.0,0.0,140.0,0.0,0.0,0.0,0.0,0.0,0.0,0.0,0.0,0.0,0.0,0.0,0.0,0.0,0.0,0.0,0.0,0.0,0.0,0.0,0.0,0.0,0.0,0.0,0.0,0.0,0.0,0.0,0.0,0.0,0.0,0.0,0.0,0.0,1.0,2.0,,0.0,0.0,0.0,0.0,0.0,0.0,0.0,0.0,0.0,{},{},{}
independent,grid_001,strict contract,140.0,1.0,0.0,140.0,0.0,0.0,0.0,0.0,0.0,0.0,0.0,0.0,0.0,0.0,0.0,0.0,0.0,0.0,0.0,0.0,0.0,0.0,0.0,0.0,0.0,0.0,0.0,0.0,0.0,0.0,0.0,0.0,0.0,0.0,0.0,0.0,0.0,1.0,4.0,1.0,0.0,1.0,0.0,0.0,0.0,0.0,0.0,0.0,0.0,{},{},{}
independent,grid_001,judge implementation,140.0,1.0,0.0,140.0,0.0,0.0,0.0,0.0,0.0,0.0,0.0,0.0,0.0,0.0,0.0,0.0,0.0,0.0,0.0,0.0,0.0,0.0,0.0,0.0,0.0,0.0,0.0,0.0,0.0,0.0,0.0,0.0,0.0,0.0,0.0,0.0,0.0,1.0,4.0,,0.0,0.0,0.0,0.0,0.0,0.0,0.0,0.0,0.0,{},{},{}
independent,grid_001,contract for finishing,140.0,1.0,0.0,140.0,0.0,0.0,0.0,0.0,0.0,0.0,0.0,0.0,0.0,0.0,0.0,0.0,0.0,0.0,0.0,0.0,0.0,0.0,0.0,0.0,0.0,0.0,0.0,0.0,0.0,0.0,0.0,0.0,0.0,0.0,0.0,0.0,0.0,1.0,2.0,,0.0,0.0,0.0,0.0,0.0,0.0,0.0,0.0,0.0,{},{},{}
