Model Pair,Grid ID,Remapped Grid ID,Config ID,Run ID,System Prompt,Context,Fog of War,Other Player Visible,Grid,Bucket,Sub-stratum,Pay4Partner,Contract Type,Total Turns,Format Errors,Format Errors P-Red,Format Errors P-Blue,Format Errors Judge,Non-Cooperative Baseline P-Red,Non-Cooperative Baseline P-Blue,Joint Reward,Reward P-Red,Reward P-Blue,Gini,Max Possible Reward,Reached Goal P-Red,Reached Goal P-Blue,Total Trades Proposed,Total Trades Proposed P-Red,Total Trades Proposed P-Blue,Total Trades Accepted,Total Trades Accepted P-Red,Total Trades Accepted P-Blue,Total Trades Rejected,Total Trades Rejected P-Red,Total Trades Rejected P-Blue,amount_received_by_P-Red_from_trades,amount_received_by_P-Blue_from_trades,total_trades_failed,Total P4P Arrangements Proposed,Total P4P Arrangements Proposed P-Red,Total P4P Arrangements Proposed P-Blue,Total P4P Arrangements Accepted,Total P4P Arrangements Accepted P-Red,Total P4P Arrangements Accepted P-Blue,Total P4P Arrangements Rejected,Total P4P Arrangements Rejected P-Red,Total P4P Arrangements Rejected P-Blue,Total P4P Promises Kept,Total P4P Promises Kept P-Red,Total P4P Promises Kept P-Blue,Total P4P Promises Broken,Total P4P Promises Broken P-Red,Total P4P Promises Broken P-Blue,Total P4P Amounts Promised to Receive,Total P4P Amounts Promised to Receive P-Red,Total P4P Amounts Promised to Receive P-Blue,Total P4P Amounts Received,Total P4P Amounts Received P-Red,Total P4P Amounts Received P-Blue,contract_accepted,contract_negotiaion_length,num_tiles_in_contract,num_tiles_promised_to_receive_from_contract_P-Red,num_tiles_promised_to_receive_from_contract_P-Blue,moves_made_under_strict_contract_P-Red,moves_made_under_strict_contract_P-Blue,contract_moves_blocked_by_partner_shortfall_P-Red,contract_moves_blocked_by_partner_shortfall_P-Blue,points_for_completion_promised_to_P-Red,points_for_completion_promised_to_P-Blue,parity_trades_offered_P-Red,parity_trades_offered_P-Blue,parity_trades_accepted_P-Red,parity_trades_accepted_P-Blue,parity_trades_rejected_P-Red,parity_trades_rejected_P-Blue,extractive_trades_offered_P-Red,extractive_trades_offered_P-Blue,extractive_trades_accepted_P-Red,extractive_trades_accepted_P-Blue,extractive_trades_rejected_P-Red,extractive_trades_rejected_P-Blue,concessionary_trades_offered_P-Red,concessionary_trades_offered_P-Blue,concessionary_trades_accepted_P-Red,concessionary_trades_accepted_P-Blue,concessionary_trades_rejected_P-Red,concessionary_trades_rejected_P-Blue,B Min Trades Path,B Max Trades Path,R Min Trades Path,R Max Trades Path,Trade Asymmetry
FOUR_1-FOUR_1,80,20,ctx1_fog00_p4ptrue_contract_contract_for_finishing_selfish11_opv00,20260527_234025_775771_1c7b5073,default,True,"[False, False]","[False, False]","[['G', 'R', 'B', 'B'], ['R', 'R', 'B', 'R'], ['B', 'B', 'R', 'B'], ['R', 'R', 'B', 'G']]",Mutual Dependency,"MD (2,2)",True,contract_for_finishing,8,1,0,0,0,0,0,75,0,0,0.43333333333333335,140,True,False,0,0,0,0,0,0,0,0,0,0,0,0,4,4,0,2,0,2,2,0,2,3,1,2,4,4,0,9,3,6,3,2,1,1,3,,0,0,0,0,0,0,0,5,0,0,0,0,0,0,0,0,0,0,0,0,0,0,0,0,0,0,2,3,2,3,0
FOUR_1-FOUR_1,80,20,ctx1_fog00_p4ptrue_contract_none_selfish11_opv00,20260527_234025_775380_6550d5a7,default,True,"[False, False]","[False, False]","[['G', 'R', 'B', 'B'], ['R', 'R', 'B', 'R'], ['B', 'B', 'R', 'B'], ['R', 'R', 'B', 'G']]",Mutual Dependency,"MD (2,2)",True,,7,0,0,0,0,0,0,140,0,0,0.0,140,True,True,0,0,0,0,0,0,0,0,0,0,0,0,6,5,1,3,1,2,3,0,3,4,2,2,1,0,1,12,5,7,4,2,2,0,0,0.0,0,0,0,0,0,0,0,0,0,0,0,0,0,0,0,0,0,0,0,0,0,0,0,0,0,0,2,3,2,3,0
FOUR_1-FOUR_1,80,20,ctx1_fog00_p4ptrue_contract_strict_selfish11_opv00,20260527_234025_775538_e985c2c2,default,True,"[False, False]","[False, False]","[['G', 'R', 'B', 'B'], ['R', 'R', 'B', 'R'], ['B', 'B', 'R', 'B'], ['R', 'R', 'B', 'G']]",Mutual Dependency,"MD (2,2)",True,strict,4,0,0,0,0,0,0,0,0,0,0.0,140,False,False,0,0,0,0,0,0,0,0,0,0,0,0,0,0,0,0,0,0,0,0,0,0,0,0,0,0,0,0,0,0,0,0,0,1,2,4.0,2,2,0,0,0,0,0,0,0,0,0,0,0,0,0,0,0,0,0,0,0,0,0,0,0,0,2,3,2,3,0
FOUR_1-FOUR_1,80,20,ctx1_fog00_p4ptrue_contract_tile_with_judge_implementation_selfish11_opv00,20260527_234025_775891_a5c1b45e,default,True,"[False, False]","[False, False]","[['G', 'R', 'B', 'B'], ['R', 'R', 'B', 'R'], ['B', 'B', 'R', 'B'], ['R', 'R', 'B', 'G']]",Mutual Dependency,"MD (2,2)",True,tile_with_judge_implementation,6,3,0,0,0,0,0,0,0,0,0.0,140,False,False,0,0,0,0,0,0,0,0,0,0,0,0,0,0,0,0,0,0,0,0,0,0,0,0,0,0,0,0,0,0,0,0,0,1,2,,0,0,1,0,0,0,0,0,0,0,0,0,0,0,0,0,0,0,0,0,0,0,0,0,0,0,2,3,2,3,0
FOUR_1-FOUR_1,81,21,ctx1_fog00_p4ptrue_contract_contract_for_finishing_selfish11_opv00,20260527_234025_776913_3c35e990,default,True,"[False, False]","[False, False]","[['G', 'B', 'B', 'B'], ['B', 'B', 'B', 'R'], ['B', 'R', 'R', 'R'], ['R', 'R', 'R', 'G']]",Mutual Dependency,"MD (2,2)",True,contract_for_finishing,6,0,0,0,0,0,0,140,0,0,0.02857142857142847,140,True,True,0,0,0,0,0,0,0,0,0,0,0,0,1,1,0,1,0,1,0,0,0,4,2,2,0,0,0,5,2,3,4,2,2,1,2,,0,0,0,0,0,0,8,4,0,0,0,0,0,0,0,0,0,0,0,0,0,0,0,0,0,0,2,3,2,3,0
FOUR_1-FOUR_1,81,21,ctx1_fog00_p4ptrue_contract_none_selfish11_opv00,20260527_234025_776233_042a9130,default,True,"[False, False]","[False, False]","[['G', 'B', 'B', 'B'], ['B', 'B', 'B', 'R'], ['B', 'R', 'R', 'R'], ['R', 'R', 'R', 'G']]",Mutual Dependency,"MD (2,2)",True,,6,0,0,0,0,0,0,140,0,0,0.0,140,True,True,0,0,0,0,0,0,0,0,0,0,0,0,2,1,1,1,1,0,1,0,1,4,2,2,0,0,0,6,4,2,4,2,2,0,0,0.0,0,0,0,0,0,0,0,0,0,0,0,0,0,0,0,0,0,0,0,0,0,0,0,0,0,0,2,3,2,3,0
FOUR_1-FOUR_1,81,21,ctx1_fog00_p4ptrue_contract_strict_selfish11_opv00,20260527_234025_776453_a01f4d0c,default,True,"[False, False]","[False, False]","[['G', 'B', 'B', 'B'], ['B', 'B', 'B', 'R'], ['B', 'R', 'R', 'R'], ['R', 'R', 'R', 'G']]",Mutual Dependency,"MD (2,2)",True,strict,5,0,0,0,0,0,0,0,0,0,0.0,140,False,False,0,0,0,0,0,0,0,0,0,0,0,0,0,0,0,0,0,0,0,0,0,0,0,0,0,0,0,0,0,0,0,0,0,1,2,4.0,2,2,0,0,0,0,0,0,0,0,0,0,0,0,0,0,0,0,0,0,0,0,0,0,0,0,2,3,2,3,0
FOUR_1-FOUR_1,81,21,ctx1_fog00_p4ptrue_contract_tile_with_judge_implementation_selfish11_opv00,20260527_234025_777110_f4136015,default,True,"[False, False]","[False, False]","[['G', 'B', 'B', 'B'], ['B', 'B', 'B', 'R'], ['B', 'R', 'R', 'R'], ['R', 'R', 'R', 'G']]",Mutual Dependency,"MD (2,2)",True,tile_with_judge_implementation,9,0,0,0,0,0,0,140,0,0,0.0,140,True,True,0,0,0,0,0,0,0,0,0,0,0,0,0,0,0,0,0,0,0,0,0,0,0,0,0,0,0,0,0,0,0,0,0,1,2,,0,0,2,2,0,1,0,0,0,0,0,0,0,0,0,0,0,0,0,0,0,0,0,0,0,0,2,3,2,3,0
FOUR_1-FOUR_1,82,22,ctx1_fog00_p4ptrue_contract_contract_for_finishing_selfish11_opv00,20260527_234125_242716_005b0027,default,True,"[False, False]","[False, False]","[['G', 'B', 'B', 'R'], ['B', 'B', 'R', 'B'], ['B', 'B', 'R', 'R'], ['R', 'R', 'R', 'G']]",Mutual Dependency,"MD (2,2)",True,contract_for_finishing,6,0,0,0,0,0,0,140,0,0,0.0,140,True,True,0,0,0,0,0,0,0,0,0,0,0,0,1,1,0,1,0,1,0,0,0,4,2,2,0,0,0,5,2,3,4,2,2,1,3,,0,0,0,0,0,0,7,7,0,0,0,0,0,0,0,0,0,0,0,0,0,0,0,0,0,0,2,3,2,3,0
FOUR_1-FOUR_1,82,22,ctx1_fog00_p4ptrue_contract_none_selfish11_opv00,20260527_234115_151030_922fd63d,default,True,"[False, False]","[False, False]","[['G', 'B', 'B', 'R'], ['B', 'B', 'R', 'B'], ['B', 'B', 'R', 'R'], ['R', 'R', 'R', 'G']]",Mutual Dependency,"MD (2,2)",True,,8,0,0,0,0,0,0,140,0,0,0.0,140,True,True,0,0,0,0,0,0,0,0,0,0,0,0,6,4,2,3,2,1,3,0,3,4,2,2,2,0,2,13,6,7,4,2,2,0,0,0.0,0,0,0,0,0,0,0,0,0,0,0,0,0,0,0,0,0,0,0,0,0,0,0,0,0,0,2,3,2,3,0
FOUR_1-FOUR_1,82,22,ctx1_fog00_p4ptrue_contract_strict_selfish11_opv00,20260527_234116_675883_94224336,default,True,"[False, False]","[False, False]","[['G', 'B', 'B', 'R'], ['B', 'B', 'R', 'B'], ['B', 'B', 'R', 'R'], ['R', 'R', 'R', 'G']]",Mutual Dependency,"MD (2,2)",True,strict,5,0,0,0,0,0,0,0,0,0,0.0,140,False,False,0,0,0,0,0,0,0,0,0,0,0,0,0,0,0,0,0,0,0,0,0,0,0,0,0,0,0,0,0,0,0,0,0,1,2,5.0,3,2,0,0,0,0,0,0,0,0,0,0,0,0,0,0,0,0,0,0,0,0,0,0,0,0,2,3,2,3,0
FOUR_1-FOUR_1,82,22,ctx1_fog00_p4ptrue_contract_tile_with_judge_implementation_selfish11_opv00,20260527_234130_927957_8345f159,default,True,"[False, False]","[False, False]","[['G', 'B', 'B', 'R'], ['B', 'B', 'R', 'B'], ['B', 'B', 'R', 'R'], ['R', 'R', 'R', 'G']]",Mutual Dependency,"MD (2,2)",True,tile_with_judge_implementation,8,0,0,0,0,0,0,75,0,0,0.5,140,True,False,0,0,0,0,0,0,0,0,0,0,0,0,0,0,0,0,0,0,0,0,0,0,0,0,0,0,0,0,0,0,0,0,0,1,2,,0,0,2,1,1,1,0,0,0,0,0,0,0,0,0,0,0,0,0,0,0,0,0,0,0,0,2,3,2,3,0
FOUR_1-FOUR_1,83,23,ctx1_fog00_p4ptrue_contract_contract_for_finishing_selfish11_opv00,20260527_234200_584169_514689aa,default,True,"[False, False]","[False, False]","[['G', 'B', 'B', 'R'], ['B', 'B', 'B', 'R'], ['B', 'R', 'R', 'R'], ['R', 'B', 'R', 'G']]",Mutual Dependency,"MD (2,2)",True,contract_for_finishing,6,0,0,0,0,0,0,140,0,0,0.0,140,True,True,0,0,0,0,0,0,0,0,0,0,0,0,2,1,1,1,1,0,1,0,1,4,2,2,0,0,0,4,2,2,4,2,2,1,3,,0,0,0,0,0,0,5,5,0,0,0,0,0,0,0,0,0,0,0,0,0,0,0,0,0,0,2,3,2,3,0
FOUR_1-FOUR_1,83,23,ctx1_fog00_p4ptrue_contract_none_selfish11_opv00,20260527_234133_287012_99d38edb,default,True,"[False, False]","[False, False]","[['G', 'B', 'B', 'R'], ['B', 'B', 'B', 'R'], ['B', 'R', 'R', 'R'], ['R', 'B', 'R', 'G']]",Mutual Dependency,"MD (2,2)",True,,9,0,0,0,0,0,0,140,0,0,0.0,140,True,True,0,0,0,0,0,0,0,0,0,0,0,0,3,2,1,1,1,0,2,0,2,4,2,2,3,3,0,4,2,2,4,2,2,0,0,0.0,0,0,0,0,0,0,0,0,0,0,0,0,0,0,0,0,0,0,0,0,0,0,0,0,0,0,2,3,2,3,0
FOUR_1-FOUR_1,83,23,ctx1_fog00_p4ptrue_contract_strict_selfish11_opv00,20260527_234138_605630_3ac237fd,default,True,"[False, False]","[False, False]","[['G', 'B', 'B', 'R'], ['B', 'B', 'B', 'R'], ['B', 'R', 'R', 'R'], ['R', 'B', 'R', 'G']]",Mutual Dependency,"MD (2,2)",True,strict,4,0,0,0,0,0,0,0,0,0,0.0,140,False,False,0,0,0,0,0,0,0,0,0,0,0,0,3,0,3,0,0,0,3,3,0,0,0,0,0,0,0,0,0,0,0,0,0,1,3,3.0,2,1,0,0,0,0,0,0,0,0,0,0,0,0,0,0,0,0,0,0,0,0,0,0,0,0,2,3,2,3,0
FOUR_1-FOUR_1,83,23,ctx1_fog00_p4ptrue_contract_tile_with_judge_implementation_selfish11_opv00,20260527_234208_319268_c17daf3e,default,True,"[False, False]","[False, False]","[['G', 'B', 'B', 'R'], ['B', 'B', 'B', 'R'], ['B', 'R', 'R', 'R'], ['R', 'B', 'R', 'G']]",Mutual Dependency,"MD (2,2)",True,tile_with_judge_implementation,10,0,0,0,0,0,0,80,0,0,0.5,140,True,False,0,0,0,0,0,0,0,0,0,0,0,0,0,0,0,0,0,0,0,0,0,0,0,0,0,0,0,0,0,0,0,0,0,1,2,,0,0,2,0,0,1,0,0,0,0,0,0,0,0,0,0,0,0,0,0,0,0,0,0,0,0,2,3,2,3,0
FOUR_1-FOUR_1,84,24,ctx1_fog00_p4ptrue_contract_contract_for_finishing_selfish11_opv00,20260527_234233_327559_1c1eb8f1,default,True,"[False, False]","[False, False]","[['G', 'B', 'R', 'B'], ['B', 'R', 'B', 'R'], ['R', 'B', 'R', 'R'], ['B', 'R', 'B', 'G']]",Mutual Dependency,"MD (2,2)",True,contract_for_finishing,6,0,0,0,0,0,0,140,0,0,0.1428571428571428,140,True,True,0,0,0,0,0,0,0,0,0,0,0,0,2,2,0,2,0,2,0,0,0,4,2,2,0,0,0,7,3,4,4,2,2,1,2,,0,0,0,0,0,0,0,20,0,0,0,0,0,0,0,0,0,0,0,0,0,0,0,0,0,0,2,3,2,3,0
FOUR_1-FOUR_1,84,24,ctx1_fog00_p4ptrue_contract_none_selfish11_opv00,20260527_234223_816718_124d8f0f,default,True,"[False, False]","[False, False]","[['G', 'B', 'R', 'B'], ['B', 'R', 'B', 'R'], ['R', 'B', 'R', 'R'], ['B', 'R', 'B', 'G']]",Mutual Dependency,"MD (2,2)",True,,11,0,0,0,0,0,0,140,0,0,0.0,140,True,True,0,0,0,0,0,0,0,0,0,0,0,0,5,4,1,3,0,3,2,1,1,4,2,2,8,5,3,11,4,7,4,2,2,0,0,0.0,0,0,0,0,0,0,0,0,0,0,0,0,0,0,0,0,0,0,0,0,0,0,0,0,0,0,2,3,2,3,0
FOUR_1-FOUR_1,84,24,ctx1_fog00_p4ptrue_contract_strict_selfish11_opv00,20260527_234232_054594_81885daf,default,True,"[False, False]","[False, False]","[['G', 'B', 'R', 'B'], ['B', 'R', 'B', 'R'], ['R', 'B', 'R', 'R'], ['B', 'R', 'B', 'G']]",Mutual Dependency,"MD (2,2)",True,strict,4,0,0,0,0,0,0,0,0,0,0.0,140,False,False,0,0,0,0,0,0,0,0,0,0,0,0,1,1,0,0,0,0,1,0,1,0,0,0,0,0,0,0,0,0,0,0,0,1,2,4.0,2,2,0,0,0,0,0,0,0,0,0,0,0,0,0,0,0,0,0,0,0,0,0,0,0,0,2,3,2,3,0
FOUR_1-FOUR_1,84,24,ctx1_fog00_p4ptrue_contract_tile_with_judge_implementation_selfish11_opv00,20260527_234236_112439_0b419fa1,default,True,"[False, False]","[False, False]","[['G', 'B', 'R', 'B'], ['B', 'R', 'B', 'R'], ['R', 'B', 'R', 'R'], ['B', 'R', 'B', 'G']]",Mutual Dependency,"MD (2,2)",True,tile_with_judge_implementation,13,0,0,0,0,0,0,140,0,0,0.0,140,True,True,0,0,0,0,0,0,0,0,0,0,0,0,0,0,0,0,0,0,0,0,0,0,0,0,0,0,0,0,0,0,0,0,0,1,2,,0,0,2,2,1,1,0,0,0,0,0,0,0,0,0,0,0,0,0,0,0,0,0,0,0,0,2,3,2,3,0
FOUR_1-FOUR_1,85,25,ctx1_fog00_p4ptrue_contract_contract_for_finishing_selfish11_opv00,20260527_234309_275454_24783b3a,default,True,"[False, False]","[False, False]","[['G', 'R', 'B', 'R'], ['R', 'R', 'B', 'B'], ['R', 'B', 'B', 'R'], ['B', 'B', 'R', 'G']]",Mutual Dependency,"MD (2,2)",True,contract_for_finishing,6,0,0,0,0,0,0,0,0,0,0.0,140,False,False,0,0,0,0,0,0,0,0,0,0,0,0,3,2,1,2,1,1,1,0,1,1,1,0,6,2,4,6,3,3,1,0,1,1,3,,0,0,0,0,0,0,3,2,0,0,0,0,0,0,0,0,0,0,0,0,0,0,0,0,0,0,2,3,2,3,0
FOUR_1-FOUR_1,85,25,ctx1_fog00_p4ptrue_contract_none_selfish11_opv00,20260527_234247_030325_dccfa791,default,True,"[False, False]","[False, False]","[['G', 'R', 'B', 'R'], ['R', 'R', 'B', 'B'], ['R', 'B', 'B', 'R'], ['B', 'B', 'R', 'G']]",Mutual Dependency,"MD (2,2)",True,,8,0,0,0,0,0,0,140,0,0,0.0,140,True,True,0,0,0,0,0,0,0,0,0,0,0,0,4,4,0,2,0,2,2,0,2,4,2,2,2,0,2,10,4,6,4,2,2,0,0,0.0,0,0,0,0,0,0,0,0,0,0,0,0,0,0,0,0,0,0,0,0,0,0,0,0,0,0,2,3,2,3,0
FOUR_1-FOUR_1,85,25,ctx1_fog00_p4ptrue_contract_strict_selfish11_opv00,20260527_234301_234749_234da95b,default,True,"[False, False]","[False, False]","[['G', 'R', 'B', 'R'], ['R', 'R', 'B', 'B'], ['R', 'B', 'B', 'R'], ['B', 'B', 'R', 'G']]",Mutual Dependency,"MD (2,2)",True,strict,4,0,0,0,0,0,0,0,0,0,0.0,140,False,False,0,0,0,0,0,0,0,0,0,0,0,0,2,0,2,0,0,0,2,2,0,0,0,0,0,0,0,0,0,0,0,0,0,1,2,4.0,2,2,0,0,0,0,0,0,0,0,0,0,0,0,0,0,0,0,0,0,0,0,0,0,0,0,2,3,2,3,0
FOUR_1-FOUR_1,85,25,ctx1_fog00_p4ptrue_contract_tile_with_judge_implementation_selfish11_opv00,20260527_234320_571341_cf96ec28,default,True,"[False, False]","[False, False]","[['G', 'R', 'B', 'R'], ['R', 'R', 'B', 'B'], ['R', 'B', 'B', 'R'], ['B', 'B', 'R', 'G']]",Mutual Dependency,"MD (2,2)",True,tile_with_judge_implementation,8,0,0,0,0,0,0,75,0,0,0.5,140,True,False,0,0,0,0,0,0,0,0,0,0,0,0,0,0,0,0,0,0,0,0,0,0,0,0,0,0,0,0,0,0,0,0,0,1,2,,0,0,2,1,1,0,0,0,0,0,0,0,0,0,0,0,0,0,0,0,0,0,0,0,0,0,2,3,2,3,0
FOUR_1-FOUR_1,86,26,ctx1_fog00_p4ptrue_contract_contract_for_finishing_selfish11_opv00,20260527_234348_769942_8e0aa94b,default,True,"[False, False]","[False, False]","[['G', 'R', 'R', 'R'], ['R', 'R', 'B', 'B'], ['B', 'B', 'R', 'B'], ['B', 'R', 'B', 'G']]",Mutual Dependency,"MD (2,2)",True,contract_for_finishing,7,0,0,0,0,0,0,140,0,0,0.0,140,True,True,0,0,0,0,0,0,0,0,0,0,0,0,2,2,0,2,0,2,0,0,0,4,2,2,1,1,0,9,3,6,4,2,2,1,2,,0,0,0,0,0,0,3,3,0,0,0,0,0,0,0,0,0,0,0,0,0,0,0,0,0,0,2,3,2,3,0
FOUR_1-FOUR_1,86,26,ctx1_fog00_p4ptrue_contract_none_selfish11_opv00,20260527_234341_038104_a95b4594,default,True,"[False, False]","[False, False]","[['G', 'R', 'R', 'R'], ['R', 'R', 'B', 'B'], ['B', 'B', 'R', 'B'], ['B', 'R', 'B', 'G']]",Mutual Dependency,"MD (2,2)",True,,6,0,0,0,0,0,0,140,0,0,0.0,140,True,True,0,0,0,0,0,0,0,0,0,0,0,0,4,2,2,2,2,0,2,0,2,4,2,2,0,0,0,7,4,3,4,2,2,0,0,0.0,0,0,0,0,0,0,0,0,0,0,0,0,0,0,0,0,0,0,0,0,0,0,0,0,0,0,2,3,2,3,0
FOUR_1-FOUR_1,86,26,ctx1_fog00_p4ptrue_contract_strict_selfish11_opv00,20260527_234348_578058_bb496be2,default,True,"[False, False]","[False, False]","[['G', 'R', 'R', 'R'], ['R', 'R', 'B', 'B'], ['B', 'B', 'R', 'B'], ['B', 'R', 'B', 'G']]",Mutual Dependency,"MD (2,2)",True,strict,8,0,0,0,0,0,0,75,0,0,0.5,140,True,False,0,0,0,0,0,0,0,0,0,0,0,0,4,3,1,1,1,0,3,0,3,3,1,2,2,2,0,4,2,2,3,2,1,1,3,4.0,2,2,0,0,0,0,0,0,0,0,0,0,0,0,0,0,0,0,0,0,0,0,0,0,0,0,2,3,2,3,0
FOUR_1-FOUR_1,86,26,ctx1_fog00_p4ptrue_contract_tile_with_judge_implementation_selfish11_opv00,20260527_234352_490882_47a61872,default,True,"[False, False]","[False, False]","[['G', 'R', 'R', 'R'], ['R', 'R', 'B', 'B'], ['B', 'B', 'R', 'B'], ['B', 'R', 'B', 'G']]",Mutual Dependency,"MD (2,2)",True,tile_with_judge_implementation,8,0,0,0,0,0,0,140,0,0,0.0,140,True,True,0,0,0,0,0,0,0,0,0,0,0,0,0,0,0,0,0,0,0,0,0,0,0,0,0,0,0,0,0,0,0,0,0,1,3,,0,0,2,2,1,0,0,0,0,0,0,0,0,0,0,0,0,0,0,0,0,0,0,0,0,0,2,3,2,3,0
FOUR_1-FOUR_1,87,27,ctx1_fog00_p4ptrue_contract_contract_for_finishing_selfish11_opv00,20260527_234437_721906_bd2903c4,default,True,"[False, False]","[False, False]","[['G', 'B', 'R', 'R'], ['B', 'B', 'R', 'B'], ['R', 'R', 'B', 'R'], ['B', 'B', 'R', 'G']]",Mutual Dependency,"MD (2,2)",True,contract_for_finishing,7,0,0,0,0,0,0,140,0,0,0.021428571428571352,140,True,True,0,0,0,0,0,0,0,0,0,0,0,0,5,4,1,2,1,1,3,0,3,4,2,2,2,1,1,8,3,5,4,2,2,1,3,,0,0,0,0,0,0,5,8,0,0,0,0,0,0,0,0,0,0,0,0,0,0,0,0,0,0,2,3,2,3,0
FOUR_1-FOUR_1,87,27,ctx1_fog00_p4ptrue_contract_none_selfish11_opv00,20260527_234408_598069_64308cf7,default,True,"[False, False]","[False, False]","[['G', 'B', 'R', 'R'], ['B', 'B', 'R', 'B'], ['R', 'R', 'B', 'R'], ['B', 'B', 'R', 'G']]",Mutual Dependency,"MD (2,2)",True,,7,0,0,0,0,0,0,140,0,0,0.0,140,True,True,0,0,0,0,0,0,0,0,0,0,0,0,4,3,1,3,1,2,1,0,1,4,2,2,1,1,0,10,4,6,4,2,2,0,0,0.0,0,0,0,0,0,0,0,0,0,0,0,0,0,0,0,0,0,0,0,0,0,0,0,0,0,0,2,3,2,3,0
FOUR_1-FOUR_1,87,27,ctx1_fog00_p4ptrue_contract_strict_selfish11_opv00,20260527_234436_874359_659cfecb,default,True,"[False, False]","[False, False]","[['G', 'B', 'R', 'R'], ['B', 'B', 'R', 'B'], ['R', 'R', 'B', 'R'], ['B', 'B', 'R', 'G']]",Mutual Dependency,"MD (2,2)",True,strict,4,0,0,0,0,0,0,0,0,0,0.0,140,False,False,0,0,0,0,0,0,0,0,0,0,0,0,0,0,0,0,0,0,0,0,0,0,0,0,0,0,0,0,0,0,0,0,0,1,2,4.0,2,2,0,0,0,0,0,0,0,0,0,0,0,0,0,0,0,0,0,0,0,0,0,0,0,0,2,3,2,3,0
FOUR_1-FOUR_1,87,27,ctx1_fog00_p4ptrue_contract_tile_with_judge_implementation_selfish11_opv00,20260527_234447_697966_0eeecd48,default,True,"[False, False]","[False, False]","[['G', 'B', 'R', 'R'], ['B', 'B', 'R', 'B'], ['R', 'R', 'B', 'R'], ['B', 'B', 'R', 'G']]",Mutual Dependency,"MD (2,2)",True,tile_with_judge_implementation,8,0,0,0,0,0,0,140,0,0,0.0,140,True,True,0,0,0,0,0,0,0,0,0,0,0,0,0,0,0,0,0,0,0,0,0,0,0,0,0,0,0,0,0,0,0,0,0,1,2,,0,0,2,2,0,0,0,0,0,0,0,0,0,0,0,0,0,0,0,0,0,0,0,0,0,0,2,3,2,3,0
FOUR_1-FOUR_1,88,28,ctx1_fog00_p4ptrue_contract_contract_for_finishing_selfish11_opv00,20260527_234520_863176_8d804d34,default,True,"[False, False]","[False, False]","[['G', 'B', 'B', 'R'], ['R', 'B', 'R', 'R'], ['B', 'R', 'R', 'B'], ['B', 'R', 'B', 'G']]",Mutual Dependency,"MD (2,2)",True,contract_for_finishing,11,0,0,0,0,0,0,75,0,0,0.43333333333333335,140,False,True,0,0,0,0,0,0,0,0,0,0,0,0,5,5,0,1,0,1,4,0,4,3,2,1,8,2,6,6,2,4,3,1,2,1,3,,0,0,0,0,0,0,5,4,0,0,0,0,0,0,0,0,0,0,0,0,0,0,0,0,0,0,2,3,2,3,0
FOUR_1-FOUR_1,88,28,ctx1_fog00_p4ptrue_contract_none_selfish11_opv00,20260527_234452_738759_99e72daf,default,True,"[False, False]","[False, False]","[['G', 'B', 'B', 'R'], ['R', 'B', 'R', 'R'], ['B', 'R', 'R', 'B'], ['B', 'R', 'B', 'G']]",Mutual Dependency,"MD (2,2)",True,,6,0,0,0,0,0,0,140,0,0,0.0,140,True,True,0,0,0,0,0,0,0,0,0,0,0,0,3,3,0,2,0,2,1,0,1,4,2,2,0,0,0,7,3,4,4,2,2,0,0,0.0,0,0,0,0,0,0,0,0,0,0,0,0,0,0,0,0,0,0,0,0,0,0,0,0,0,0,2,3,2,3,0
FOUR_1-FOUR_1,88,28,ctx1_fog00_p4ptrue_contract_strict_selfish11_opv00,20260527_234513_897559_908dc251,default,True,"[False, False]","[False, False]","[['G', 'B', 'B', 'R'], ['R', 'B', 'R', 'R'], ['B', 'R', 'R', 'B'], ['B', 'R', 'B', 'G']]",Mutual Dependency,"MD (2,2)",True,strict,4,0,0,0,0,0,0,0,0,0,0.0,140,False,False,0,0,0,0,0,0,0,0,0,0,0,0,1,0,1,0,0,0,1,1,0,0,0,0,0,0,0,0,0,0,0,0,0,1,3,4.0,2,2,0,0,0,0,0,0,0,0,0,0,0,0,0,0,0,0,0,0,0,0,0,0,0,0,2,3,2,3,0
FOUR_1-FOUR_1,88,28,ctx1_fog00_p4ptrue_contract_tile_with_judge_implementation_selfish11_opv00,20260527_234520_923672_9f42d5b7,default,True,"[False, False]","[False, False]","[['G', 'B', 'B', 'R'], ['R', 'B', 'R', 'R'], ['B', 'R', 'R', 'B'], ['B', 'R', 'B', 'G']]",Mutual Dependency,"MD (2,2)",True,tile_with_judge_implementation,7,0,0,0,0,0,0,140,0,0,0.0,140,True,True,0,0,0,0,0,0,0,0,0,0,0,0,0,0,0,0,0,0,0,0,0,0,0,0,0,0,0,0,0,0,0,0,0,1,2,,0,0,2,2,1,0,0,0,0,0,0,0,0,0,0,0,0,0,0,0,0,0,0,0,0,0,2,3,2,3,0
FOUR_1-FOUR_1,89,29,ctx1_fog00_p4ptrue_contract_contract_for_finishing_selfish11_opv00,20260527_234557_079592_416ec429,default,True,"[False, False]","[False, False]","[['G', 'B', 'R', 'B'], ['R', 'B', 'R', 'R'], ['B', 'R', 'R', 'B'], ['B', 'R', 'B', 'G']]",Mutual Dependency,"MD (2,2)",True,contract_for_finishing,6,0,0,0,0,0,0,140,0,0,0.0714285714285714,140,True,True,0,0,0,0,0,0,0,0,0,0,0,0,1,1,0,1,0,1,0,0,0,4,2,2,0,0,0,5,2,3,4,2,2,1,3,,0,0,0,0,0,0,15,5,0,0,0,0,0,0,0,0,0,0,0,0,0,0,0,0,0,0,2,3,2,3,0
FOUR_1-FOUR_1,89,29,ctx1_fog00_p4ptrue_contract_none_selfish11_opv00,20260527_234533_411568_5564f958,default,True,"[False, False]","[False, False]","[['G', 'B', 'R', 'B'], ['R', 'B', 'R', 'R'], ['B', 'R', 'R', 'B'], ['B', 'R', 'B', 'G']]",Mutual Dependency,"MD (2,2)",True,,8,0,0,0,0,0,0,75,0,0,0.5,140,True,False,0,0,0,0,0,0,0,0,0,0,0,0,2,2,0,2,0,2,0,0,0,3,1,2,5,5,0,9,3,6,3,2,1,0,0,0.0,0,0,0,0,0,0,0,0,0,0,0,0,0,0,0,0,0,0,0,0,0,0,0,0,0,0,2,3,2,3,0
FOUR_1-FOUR_1,89,29,ctx1_fog00_p4ptrue_contract_strict_selfish11_opv00,20260527_234555_918473_57ea9c6c,default,True,"[False, False]","[False, False]","[['G', 'B', 'R', 'B'], ['R', 'B', 'R', 'R'], ['B', 'R', 'R', 'B'], ['B', 'R', 'B', 'G']]",Mutual Dependency,"MD (2,2)",True,strict,4,0,0,0,0,0,0,0,0,0,0.0,140,False,False,0,0,0,0,0,0,0,0,0,0,0,0,0,0,0,0,0,0,0,0,0,0,0,0,0,0,0,0,0,0,0,0,0,1,2,4.0,2,2,0,0,0,0,0,0,0,0,0,0,0,0,0,0,0,0,0,0,0,0,0,0,0,0,2,3,2,3,0
FOUR_1-FOUR_1,89,29,ctx1_fog00_p4ptrue_contract_tile_with_judge_implementation_selfish11_opv00,20260527_234610_961628_6892e999,default,True,"[False, False]","[False, False]","[['G', 'B', 'R', 'B'], ['R', 'B', 'R', 'R'], ['B', 'R', 'R', 'B'], ['B', 'R', 'B', 'G']]",Mutual Dependency,"MD (2,2)",True,tile_with_judge_implementation,12,1,0,0,0,0,0,0,0,0,0.0,140,False,False,0,0,0,0,0,0,0,0,0,0,0,0,0,0,0,0,0,0,0,0,0,0,0,0,0,0,0,0,0,0,0,0,0,1,2,,0,0,1,1,1,1,0,0,0,0,0,0,0,0,0,0,0,0,0,0,0,0,0,0,0,0,2,3,2,3,0
FOUR_1-FOUR_1,90,30,ctx1_fog00_p4ptrue_contract_contract_for_finishing_selfish11_opv00,20260527_234644_522023_f2630873,default,True,"[False, False]","[False, False]","[['G', 'R', 'B', 'R'], ['R', 'R', 'R', 'B'], ['R', 'R', 'B', 'B'], ['B', 'B', 'B', 'G']]",Mutual Dependency,"MD (2,2)",True,contract_for_finishing,6,0,0,0,0,0,0,140,0,0,0.0071428571428571175,140,True,True,0,0,0,0,0,0,0,0,0,0,0,0,2,1,1,1,1,0,1,0,1,4,2,2,0,0,0,4,2,2,4,2,2,1,2,,0,0,0,0,0,0,3,2,0,0,0,0,0,0,0,0,0,0,0,0,0,0,0,0,0,0,2,3,2,3,0
FOUR_1-FOUR_1,90,30,ctx1_fog00_p4ptrue_contract_none_selfish11_opv00,20260527_234614_168848_f5a3b336,default,True,"[False, False]","[False, False]","[['G', 'R', 'B', 'R'], ['R', 'R', 'R', 'B'], ['R', 'R', 'B', 'B'], ['B', 'B', 'B', 'G']]",Mutual Dependency,"MD (2,2)",True,,9,0,0,0,0,0,0,140,0,0,0.0,140,True,True,0,0,0,0,0,0,0,0,0,0,0,0,1,1,0,1,0,1,0,0,0,4,2,2,2,2,0,5,2,3,4,2,2,0,0,0.0,0,0,0,0,0,0,0,0,0,0,0,0,0,0,0,0,0,0,0,0,0,0,0,0,0,0,2,3,2,3,0
FOUR_1-FOUR_1,90,30,ctx1_fog00_p4ptrue_contract_strict_selfish11_opv00,20260527_234615_772908_1b12a47e,default,True,"[False, False]","[False, False]","[['G', 'R', 'B', 'R'], ['R', 'R', 'R', 'B'], ['R', 'R', 'B', 'B'], ['B', 'B', 'B', 'G']]",Mutual Dependency,"MD (2,2)",True,strict,5,1,0,0,0,0,0,0,0,0,0.0,140,False,False,0,0,0,0,0,0,0,0,0,0,0,0,1,0,1,0,0,0,1,1,0,0,0,0,0,0,0,0,0,0,0,0,0,1,2,4.0,2,2,0,0,0,0,0,0,0,0,0,0,0,0,0,0,0,0,0,0,0,0,0,0,0,0,2,3,2,3,0
FOUR_1-FOUR_1,90,30,ctx1_fog00_p4ptrue_contract_tile_with_judge_implementation_selfish11_opv00,20260527_234650_849211_c0a1d718,default,True,"[False, False]","[False, False]","[['G', 'R', 'B', 'R'], ['R', 'R', 'R', 'B'], ['R', 'R', 'B', 'B'], ['B', 'B', 'B', 'G']]",Mutual Dependency,"MD (2,2)",True,tile_with_judge_implementation,8,0,0,0,0,0,0,80,0,0,0.5,140,False,True,0,0,0,0,0,0,0,0,0,0,0,0,0,0,0,0,0,0,0,0,0,0,0,0,0,0,0,0,0,0,0,0,0,1,2,,0,0,0,2,1,0,0,0,0,0,0,0,0,0,0,0,0,0,0,0,0,0,0,0,0,0,2,3,2,3,0
FOUR_1-FOUR_1,91,31,ctx1_fog00_p4ptrue_contract_contract_for_finishing_selfish11_opv00,20260527_234722_091548_31367447,default,True,"[False, False]","[False, False]","[['G', 'R', 'B', 'R'], ['R', 'B', 'R', 'B'], ['R', 'R', 'B', 'B'], ['R', 'B', 'B', 'G']]",Mutual Dependency,"MD (2,2)",True,contract_for_finishing,6,0,0,0,0,0,0,140,0,0,0.014285714285714235,140,True,True,0,0,0,0,0,0,0,0,0,0,0,0,2,2,0,1,0,1,1,0,1,4,2,2,0,0,0,5,2,3,4,2,2,1,3,,0,0,0,0,0,0,7,5,0,0,0,0,0,0,0,0,0,0,0,0,0,0,0,0,0,0,2,3,2,3,0
FOUR_1-FOUR_1,91,31,ctx1_fog00_p4ptrue_contract_none_selfish11_opv00,20260527_234713_005799_4508d8ba,default,True,"[False, False]","[False, False]","[['G', 'R', 'B', 'R'], ['R', 'B', 'R', 'B'], ['R', 'R', 'B', 'B'], ['R', 'B', 'B', 'G']]",Mutual Dependency,"MD (2,2)",True,,10,0,0,0,0,0,0,140,0,0,0.0,140,True,True,0,0,0,0,0,0,0,0,0,0,0,0,5,4,1,2,1,1,3,0,3,4,2,2,5,4,1,7,3,4,4,2,2,0,0,0.0,0,0,0,0,0,0,0,0,0,0,0,0,0,0,0,0,0,0,0,0,0,0,0,0,0,0,2,3,2,3,0
FOUR_1-FOUR_1,91,31,ctx1_fog00_p4ptrue_contract_strict_selfish11_opv00,20260527_234719_680980_d05e4f8d,default,True,"[False, False]","[False, False]","[['G', 'R', 'B', 'R'], ['R', 'B', 'R', 'B'], ['R', 'R', 'B', 'B'], ['R', 'B', 'B', 'G']]",Mutual Dependency,"MD (2,2)",True,strict,5,0,0,0,0,0,0,0,0,0,0.0,140,False,False,0,0,0,0,0,0,0,0,0,0,0,0,4,4,0,0,0,0,4,0,4,0,0,0,0,0,0,0,0,0,0,0,0,1,2,4.0,2,2,0,0,0,0,0,0,0,0,0,0,0,0,0,0,0,0,0,0,0,0,0,0,0,0,2,3,2,3,0
FOUR_1-FOUR_1,91,31,ctx1_fog00_p4ptrue_contract_tile_with_judge_implementation_selfish11_opv00,20260527_234724_055719_1964cc36,default,True,"[False, False]","[False, False]","[['G', 'R', 'B', 'R'], ['R', 'B', 'R', 'B'], ['R', 'R', 'B', 'B'], ['R', 'B', 'B', 'G']]",Mutual Dependency,"MD (2,2)",True,tile_with_judge_implementation,9,0,0,0,0,0,0,80,0,0,0.5,140,False,True,0,0,0,0,0,0,0,0,0,0,0,0,0,0,0,0,0,0,0,0,0,0,0,0,0,0,0,0,0,0,0,0,0,1,3,,0,0,0,2,1,0,0,0,0,0,0,0,0,0,0,0,0,0,0,0,0,0,0,0,0,0,2,3,2,3,0
FOUR_1-FOUR_1,92,32,ctx1_fog00_p4ptrue_contract_contract_for_finishing_selfish11_opv00,20260527_234819_761583_965c1ef0,default,True,"[False, False]","[False, False]","[['G', 'B', 'B', 'R'], ['B', 'B', 'R', 'B'], ['B', 'R', 'B', 'R'], ['R', 'R', 'R', 'G']]",Mutual Dependency,"MD (2,2)",True,contract_for_finishing,8,0,0,0,0,0,0,75,0,0,0.44666666666666677,140,True,False,0,0,0,0,0,0,0,0,0,0,0,0,2,1,1,1,1,0,1,0,1,3,1,2,4,4,0,4,2,2,3,2,1,1,3,,0,0,0,0,0,0,6,4,0,0,0,0,0,0,0,0,0,0,0,0,0,0,0,0,0,0,2,3,2,3,0
FOUR_1-FOUR_1,92,32,ctx1_fog00_p4ptrue_contract_none_selfish11_opv00,20260527_234727_217951_3ec0679c,default,True,"[False, False]","[False, False]","[['G', 'B', 'B', 'R'], ['B', 'B', 'R', 'B'], ['B', 'R', 'B', 'R'], ['R', 'R', 'R', 'G']]",Mutual Dependency,"MD (2,2)",True,,8,0,0,0,0,0,0,140,0,0,0.0,140,True,True,0,0,0,0,0,0,0,0,0,0,0,0,2,2,0,1,0,1,1,0,1,4,2,2,3,2,1,5,2,3,4,2,2,0,0,0.0,0,0,0,0,0,0,0,0,0,0,0,0,0,0,0,0,0,0,0,0,0,0,0,0,0,0,2,3,2,3,0
FOUR_1-FOUR_1,92,32,ctx1_fog00_p4ptrue_contract_strict_selfish11_opv00,20260527_234802_446213_eaae7e10,default,True,"[False, False]","[False, False]","[['G', 'B', 'B', 'R'], ['B', 'B', 'R', 'B'], ['B', 'R', 'B', 'R'], ['R', 'R', 'R', 'G']]",Mutual Dependency,"MD (2,2)",True,strict,4,0,0,0,0,0,0,0,0,0,0.0,140,False,False,0,0,0,0,0,0,0,0,0,0,0,0,1,1,0,0,0,0,1,0,1,0,0,0,0,0,0,0,0,0,0,0,0,1,2,4.0,2,2,0,0,0,0,0,0,0,0,0,0,0,0,0,0,0,0,0,0,0,0,0,0,0,0,2,3,2,3,0
FOUR_1-FOUR_1,92,32,ctx1_fog00_p4ptrue_contract_tile_with_judge_implementation_selfish11_opv00,20260527_234832_806071_d6fee87e,default,True,"[False, False]","[False, False]","[['G', 'B', 'B', 'R'], ['B', 'B', 'R', 'B'], ['B', 'R', 'B', 'R'], ['R', 'R', 'R', 'G']]",Mutual Dependency,"MD (2,2)",True,tile_with_judge_implementation,6,0,0,0,0,0,0,0,0,0,0.0,140,False,False,0,0,0,0,0,0,0,0,0,0,0,0,0,0,0,0,0,0,0,0,0,0,0,0,0,0,0,0,0,0,0,0,0,1,2,,0,0,1,0,0,2,0,0,0,0,0,0,0,0,0,0,0,0,0,0,0,0,0,0,0,0,2,3,2,3,0
FOUR_1-FOUR_1,93,33,ctx1_fog00_p4ptrue_contract_contract_for_finishing_selfish11_opv00,20260527_234841_353652_03a27e32,default,True,"[False, False]","[False, False]","[['G', 'R', 'R', 'B'], ['R', 'R', 'B', 'R'], ['R', 'B', 'B', 'B'], ['B', 'R', 'B', 'G']]",Mutual Dependency,"MD (2,2)",True,contract_for_finishing,8,0,0,0,0,0,0,140,0,0,0.0,140,True,True,0,0,0,0,0,0,0,0,0,0,0,0,4,3,1,2,1,1,2,0,2,4,2,2,1,1,0,10,6,4,4,2,2,1,3,,0,0,0,0,0,0,0,0,0,0,0,0,0,0,0,0,0,0,0,0,0,0,0,0,0,0,2,3,2,3,0
FOUR_1-FOUR_1,93,33,ctx1_fog00_p4ptrue_contract_none_selfish11_opv00,20260527_234832_885017_542f32e9,default,True,"[False, False]","[False, False]","[['G', 'R', 'R', 'B'], ['R', 'R', 'B', 'R'], ['R', 'B', 'B', 'B'], ['B', 'R', 'B', 'G']]",Mutual Dependency,"MD (2,2)",True,,13,0,0,0,0,0,0,140,0,0,0.0,140,True,True,0,0,0,0,0,0,0,0,0,0,0,0,3,2,1,2,1,1,1,0,1,4,2,2,9,6,3,7,3,4,4,2,2,0,0,0.0,0,0,0,0,0,0,0,0,0,0,0,0,0,0,0,0,0,0,0,0,0,0,0,0,0,0,2,3,2,3,0
FOUR_1-FOUR_1,93,33,ctx1_fog00_p4ptrue_contract_strict_selfish11_opv00,20260527_234838_238533_652c6998,default,True,"[False, False]","[False, False]","[['G', 'R', 'R', 'B'], ['R', 'R', 'B', 'R'], ['R', 'B', 'B', 'B'], ['B', 'R', 'B', 'G']]",Mutual Dependency,"MD (2,2)",True,strict,4,0,0,0,0,0,0,0,0,0,0.0,140,False,False,0,0,0,0,0,0,0,0,0,0,0,0,3,3,0,0,0,0,3,0,3,0,0,0,0,0,0,0,0,0,0,0,0,1,2,4.0,2,2,0,0,0,0,0,0,0,0,0,0,0,0,0,0,0,0,0,0,0,0,0,0,0,0,2,3,2,3,0
FOUR_1-FOUR_1,93,33,ctx1_fog00_p4ptrue_contract_tile_with_judge_implementation_selfish11_opv00,20260527_234844_926163_cc794566,default,True,"[False, False]","[False, False]","[['G', 'R', 'R', 'B'], ['R', 'R', 'B', 'R'], ['R', 'B', 'B', 'B'], ['B', 'R', 'B', 'G']]",Mutual Dependency,"MD (2,2)",True,tile_with_judge_implementation,4,0,0,0,0,0,0,0,0,0,0.0,140,False,False,0,0,0,0,0,0,0,0,0,0,0,0,0,0,0,0,0,0,0,0,0,0,0,0,0,0,0,0,0,0,0,0,0,1,2,,0,0,0,1,1,0,0,0,0,0,0,0,0,0,0,0,0,0,0,0,0,0,0,0,0,0,2,3,2,3,0
FOUR_1-FOUR_1,94,34,ctx1_fog00_p4ptrue_contract_contract_for_finishing_selfish11_opv00,20260527_234930_800141_01434c49,default,True,"[False, False]","[False, False]","[['G', 'B', 'B', 'R'], ['B', 'B', 'R', 'B'], ['R', 'B', 'R', 'R'], ['B', 'R', 'R', 'G']]",Mutual Dependency,"MD (2,2)",True,contract_for_finishing,8,1,0,0,0,0,0,140,0,0,0.0,140,True,True,0,0,0,0,0,0,0,0,0,0,0,1,5,4,1,1,1,0,4,0,4,4,2,2,0,0,0,4,2,2,4,2,2,1,2,,0,0,0,0,0,0,10,10,0,0,0,0,0,0,0,0,0,0,0,0,0,0,0,0,0,0,2,3,2,3,0
FOUR_1-FOUR_1,94,34,ctx1_fog00_p4ptrue_contract_none_selfish11_opv00,20260527_234903_595132_70191223,default,True,"[False, False]","[False, False]","[['G', 'B', 'B', 'R'], ['B', 'B', 'R', 'B'], ['R', 'B', 'R', 'R'], ['B', 'R', 'R', 'G']]",Mutual Dependency,"MD (2,2)",True,,6,0,0,0,0,0,0,140,0,0,0.0,140,True,True,0,0,0,0,0,0,0,0,0,0,0,0,3,3,0,2,0,2,1,0,1,4,2,2,0,0,0,9,3,6,4,2,2,0,0,0.0,0,0,0,0,0,0,0,0,0,0,0,0,0,0,0,0,0,0,0,0,0,0,0,0,0,0,2,3,2,3,0
FOUR_1-FOUR_1,94,34,ctx1_fog00_p4ptrue_contract_strict_selfish11_opv00,20260527_234915_162113_21dbbc05,default,True,"[False, False]","[False, False]","[['G', 'B', 'B', 'R'], ['B', 'B', 'R', 'B'], ['R', 'B', 'R', 'R'], ['B', 'R', 'R', 'G']]",Mutual Dependency,"MD (2,2)",True,strict,5,0,0,0,0,0,0,0,0,0,0.0,140,False,False,0,0,0,0,0,0,0,0,0,0,0,0,0,0,0,0,0,0,0,0,0,0,0,0,0,0,0,0,0,0,0,0,0,1,2,4.0,2,2,0,0,0,0,0,0,0,0,0,0,0,0,0,0,0,0,0,0,0,0,0,0,0,0,2,3,2,3,0
FOUR_1-FOUR_1,94,34,ctx1_fog00_p4ptrue_contract_tile_with_judge_implementation_selfish11_opv00,20260527_234948_080000_81da17e3,default,True,"[False, False]","[False, False]","[['G', 'B', 'B', 'R'], ['B', 'B', 'R', 'B'], ['R', 'B', 'R', 'R'], ['B', 'R', 'R', 'G']]",Mutual Dependency,"MD (2,2)",True,tile_with_judge_implementation,11,0,0,0,0,0,0,140,0,0,0.0,140,True,True,0,0,0,0,0,0,0,0,0,0,0,0,0,0,0,0,0,0,0,0,0,0,0,0,0,0,0,0,0,0,0,0,0,1,2,,0,0,2,2,0,0,0,0,0,0,0,0,0,0,0,0,0,0,0,0,0,0,0,0,0,0,2,3,2,3,0
FOUR_1-FOUR_1,95,35,ctx1_fog00_p4ptrue_contract_contract_for_finishing_selfish11_opv00,20260527_235002_965106_f9e32731,default,True,"[False, False]","[False, False]","[['G', 'B', 'B', 'B'], ['B', 'B', 'R', 'R'], ['B', 'B', 'R', 'R'], ['R', 'R', 'R', 'G']]",Mutual Dependency,"MD (2,2)",True,contract_for_finishing,8,0,0,0,0,0,0,75,0,0,0.5,140,True,False,0,0,0,0,0,0,0,0,0,0,0,0,1,1,0,1,0,1,0,0,0,3,1,2,3,3,0,8,2,6,3,2,1,1,2,,0,0,0,0,0,0,0,0,0,0,0,0,0,0,0,0,0,0,0,0,0,0,0,0,0,0,2,3,2,3,0
FOUR_1-FOUR_1,95,35,ctx1_fog00_p4ptrue_contract_none_selfish11_opv00,20260527_234957_276855_61b772d5,default,True,"[False, False]","[False, False]","[['G', 'B', 'B', 'B'], ['B', 'B', 'R', 'R'], ['B', 'B', 'R', 'R'], ['R', 'R', 'R', 'G']]",Mutual Dependency,"MD (2,2)",True,,6,0,0,0,0,0,0,140,0,0,0.0,140,True,True,0,0,0,0,0,0,0,0,0,0,0,0,1,1,0,1,0,1,0,0,0,4,2,2,0,0,0,5,2,3,4,2,2,0,0,0.0,0,0,0,0,0,0,0,0,0,0,0,0,0,0,0,0,0,0,0,0,0,0,0,0,0,0,2,3,2,3,0
FOUR_1-FOUR_1,95,35,ctx1_fog00_p4ptrue_contract_strict_selfish11_opv00,20260527_234959_120433_d9c0a412,default,True,"[False, False]","[False, False]","[['G', 'B', 'B', 'B'], ['B', 'B', 'R', 'R'], ['B', 'B', 'R', 'R'], ['R', 'R', 'R', 'G']]",Mutual Dependency,"MD (2,2)",True,strict,11,0,0,0,0,0,0,75,0,0,0.5,140,True,False,0,0,0,0,0,0,0,0,0,0,0,0,1,0,1,1,1,0,0,0,0,3,1,2,0,0,0,3,2,1,3,2,1,1,2,4.0,2,2,0,0,0,0,0,0,0,0,0,0,0,0,0,0,0,0,0,0,0,0,0,0,0,0,2,3,2,3,0
FOUR_1-FOUR_1,95,35,ctx1_fog00_p4ptrue_contract_tile_with_judge_implementation_selfish11_opv00,20260527_235009_275877_6a5c1a7b,default,True,"[False, False]","[False, False]","[['G', 'B', 'B', 'B'], ['B', 'B', 'R', 'R'], ['B', 'B', 'R', 'R'], ['R', 'R', 'R', 'G']]",Mutual Dependency,"MD (2,2)",True,tile_with_judge_implementation,11,0,0,0,0,0,0,75,0,0,0.5,140,True,False,0,0,0,0,0,0,0,0,0,0,0,0,0,0,0,0,0,0,0,0,0,0,0,0,0,0,0,0,0,0,0,0,0,1,2,,0,0,2,1,0,1,0,0,0,0,0,0,0,0,0,0,0,0,0,0,0,0,0,0,0,0,2,3,2,3,0
FOUR_1-FOUR_1,96,36,ctx1_fog00_p4ptrue_contract_contract_for_finishing_selfish11_opv00,20260527_235053_067634_220d1ee7,default,True,"[False, False]","[False, False]","[['G', 'B', 'R', 'R'], ['B', 'R', 'B', 'B'], ['R', 'R', 'B', 'R'], ['B', 'B', 'R', 'G']]",Mutual Dependency,"MD (2,2)",True,contract_for_finishing,9,0,0,0,0,0,0,140,0,0,0.0,140,True,True,0,0,0,0,0,0,0,0,0,0,0,0,3,3,0,2,0,2,1,0,1,4,2,2,4,2,2,9,3,6,4,2,2,1,3,,0,0,0,0,0,0,6,6,0,0,0,0,0,0,0,0,0,0,0,0,0,0,0,0,0,0,2,3,2,3,0
FOUR_1-FOUR_1,96,36,ctx1_fog00_p4ptrue_contract_none_selfish11_opv00,20260527_235012_918494_043c2d47,default,True,"[False, False]","[False, False]","[['G', 'B', 'R', 'R'], ['B', 'R', 'B', 'B'], ['R', 'R', 'B', 'R'], ['B', 'B', 'R', 'G']]",Mutual Dependency,"MD (2,2)",True,,8,0,0,0,0,0,0,80,0,0,0.5,140,True,False,0,0,0,0,0,0,0,0,0,0,0,0,5,3,2,2,2,0,3,0,3,2,0,2,7,7,0,8,4,4,2,2,0,0,0,0.0,0,0,0,0,0,0,0,0,0,0,0,0,0,0,0,0,0,0,0,0,0,0,0,0,0,0,2,3,2,3,0
FOUR_1-FOUR_1,96,36,ctx1_fog00_p4ptrue_contract_strict_selfish11_opv00,20260527_235035_792048_81206391,default,True,"[False, False]","[False, False]","[['G', 'B', 'R', 'R'], ['B', 'R', 'B', 'B'], ['R', 'R', 'B', 'R'], ['B', 'B', 'R', 'G']]",Mutual Dependency,"MD (2,2)",True,strict,4,0,0,0,0,0,0,0,0,0,0.0,140,False,False,0,0,0,0,0,0,0,0,0,0,0,0,0,0,0,0,0,0,0,0,0,0,0,0,0,0,0,0,0,0,0,0,0,1,2,4.0,2,2,0,0,0,0,0,0,0,0,0,0,0,0,0,0,0,0,0,0,0,0,0,0,0,0,2,3,2,3,0
FOUR_1-FOUR_1,96,36,ctx1_fog00_p4ptrue_contract_tile_with_judge_implementation_selfish11_opv00,20260527_235055_186786_8af5cae7,default,True,"[False, False]","[False, False]","[['G', 'B', 'R', 'R'], ['B', 'R', 'B', 'B'], ['R', 'R', 'B', 'R'], ['B', 'B', 'R', 'G']]",Mutual Dependency,"MD (2,2)",True,tile_with_judge_implementation,5,0,0,0,0,0,0,0,0,0,0.0,140,False,False,0,0,0,0,0,0,0,0,0,0,0,0,0,0,0,0,0,0,0,0,0,0,0,0,0,0,0,0,0,0,0,0,0,1,2,,0,0,1,0,0,0,0,0,0,0,0,0,0,0,0,0,0,0,0,0,0,0,0,0,0,0,2,3,2,3,0
FOUR_1-FOUR_1,97,37,ctx1_fog00_p4ptrue_contract_contract_for_finishing_selfish11_opv00,20260527_235129_458404_1a0a1af9,default,True,"[False, False]","[False, False]","[['G', 'R', 'B', 'B'], ['B', 'B', 'R', 'B'], ['R', 'R', 'B', 'R'], ['R', 'B', 'R', 'G']]",Mutual Dependency,"MD (2,2)",True,contract_for_finishing,7,0,0,0,0,0,0,140,0,0,0.0,140,True,True,0,0,0,0,0,0,0,0,0,0,0,0,2,2,0,1,0,1,1,0,1,4,2,2,1,0,1,5,2,3,4,2,2,1,2,,0,0,0,0,0,0,0,0,0,0,0,0,0,0,0,0,0,0,0,0,0,0,0,0,0,0,2,3,2,3,0
FOUR_1-FOUR_1,97,37,ctx1_fog00_p4ptrue_contract_none_selfish11_opv00,20260527_235118_363791_d636a407,default,True,"[False, False]","[False, False]","[['G', 'R', 'B', 'B'], ['B', 'B', 'R', 'B'], ['R', 'R', 'B', 'R'], ['R', 'B', 'R', 'G']]",Mutual Dependency,"MD (2,2)",True,,6,0,0,0,0,0,0,140,0,0,0.0,140,True,True,0,0,0,0,0,0,0,0,0,0,0,0,2,2,0,2,0,2,0,0,0,4,2,2,0,0,0,8,3,5,4,2,2,0,0,0.0,0,0,0,0,0,0,0,0,0,0,0,0,0,0,0,0,0,0,0,0,0,0,0,0,0,0,2,3,2,3,0
FOUR_1-FOUR_1,97,37,ctx1_fog00_p4ptrue_contract_strict_selfish11_opv00,20260527_235121_753811_a3512e8b,default,True,"[False, False]","[False, False]","[['G', 'R', 'B', 'B'], ['B', 'B', 'R', 'B'], ['R', 'R', 'B', 'R'], ['R', 'B', 'R', 'G']]",Mutual Dependency,"MD (2,2)",True,strict,4,0,0,0,0,0,0,0,0,0,0.0,140,False,False,0,0,0,0,0,0,0,0,0,0,0,0,3,0,3,0,0,0,3,3,0,0,0,0,0,0,0,0,0,0,0,0,0,1,2,4.0,2,2,0,0,0,0,0,0,0,0,0,0,0,0,0,0,0,0,0,0,0,0,0,0,0,0,2,3,2,3,0
FOUR_1-FOUR_1,97,37,ctx1_fog00_p4ptrue_contract_tile_with_judge_implementation_selfish11_opv00,20260527_235143_306698_8b5e4fe8,default,True,"[False, False]","[False, False]","[['G', 'R', 'B', 'B'], ['B', 'B', 'R', 'B'], ['R', 'R', 'B', 'R'], ['R', 'B', 'R', 'G']]",Mutual Dependency,"MD (2,2)",True,tile_with_judge_implementation,8,0,0,0,0,0,0,80,0,0,0.5,140,False,True,0,0,0,0,0,0,0,0,0,0,0,0,0,0,0,0,0,0,0,0,0,0,0,0,0,0,0,0,0,0,0,0,0,1,2,,0,0,0,2,0,0,0,0,0,0,0,0,0,0,0,0,0,0,0,0,0,0,0,0,0,0,2,3,2,3,0
FOUR_1-FOUR_1,98,38,ctx1_fog00_p4ptrue_contract_contract_for_finishing_selfish11_opv00,20260527_235213_840280_fa9bc928,default,True,"[False, False]","[False, False]","[['G', 'B', 'B', 'R'], ['B', 'B', 'R', 'R'], ['B', 'R', 'R', 'B'], ['B', 'R', 'R', 'G']]",Mutual Dependency,"MD (2,2)",True,contract_for_finishing,6,0,0,0,0,0,0,140,0,0,0.12142857142857144,140,True,True,0,0,0,0,0,0,0,0,0,0,0,0,1,1,0,1,0,1,0,0,0,4,2,2,0,0,0,5,2,3,4,2,2,1,2,,0,0,0,0,0,0,0,17,0,0,0,0,0,0,0,0,0,0,0,0,0,0,0,0,0,0,2,3,2,3,0
FOUR_1-FOUR_1,98,38,ctx1_fog00_p4ptrue_contract_none_selfish11_opv00,20260527_235155_452364_90854236,default,True,"[False, False]","[False, False]","[['G', 'B', 'B', 'R'], ['B', 'B', 'R', 'R'], ['B', 'R', 'R', 'B'], ['B', 'R', 'R', 'G']]",Mutual Dependency,"MD (2,2)",True,,6,0,0,0,0,0,0,140,0,0,0.0,140,True,True,0,0,0,0,0,0,0,0,0,0,0,0,3,2,1,1,1,0,2,0,2,4,2,2,0,0,0,4,2,2,4,2,2,0,0,0.0,0,0,0,0,0,0,0,0,0,0,0,0,0,0,0,0,0,0,0,0,0,0,0,0,0,0,2,3,2,3,0
FOUR_1-FOUR_1,98,38,ctx1_fog00_p4ptrue_contract_strict_selfish11_opv00,20260527_235156_625774_36b31433,default,True,"[False, False]","[False, False]","[['G', 'B', 'B', 'R'], ['B', 'B', 'R', 'R'], ['B', 'R', 'R', 'B'], ['B', 'R', 'R', 'G']]",Mutual Dependency,"MD (2,2)",True,strict,5,0,0,0,0,0,0,0,0,0,0.0,140,False,False,0,0,0,0,0,0,0,0,0,0,0,0,0,0,0,0,0,0,0,0,0,0,0,0,0,0,0,0,0,0,0,0,0,1,2,4.0,2,2,0,0,0,0,0,0,0,0,0,0,0,0,0,0,0,0,0,0,0,0,0,0,0,0,2,3,2,3,0
FOUR_1-FOUR_1,98,38,ctx1_fog00_p4ptrue_contract_tile_with_judge_implementation_selfish11_opv00,20260527_235214_326601_4dd8840d,default,True,"[False, False]","[False, False]","[['G', 'B', 'B', 'R'], ['B', 'B', 'R', 'R'], ['B', 'R', 'R', 'B'], ['B', 'R', 'R', 'G']]",Mutual Dependency,"MD (2,2)",True,tile_with_judge_implementation,6,0,0,0,0,0,0,0,0,0,0.0,140,False,False,0,0,0,0,0,0,0,0,0,0,0,0,0,0,0,0,0,0,0,0,0,0,0,0,0,0,0,0,0,0,0,0,0,1,2,,0,0,1,1,0,1,0,0,0,0,0,0,0,0,0,0,0,0,0,0,0,0,0,0,0,0,2,3,2,3,0
FOUR_1-FOUR_1,99,39,ctx1_fog00_p4ptrue_contract_contract_for_finishing_selfish11_opv00,20260527_235250_693075_87189ef5,default,True,"[False, False]","[False, False]","[['G', 'R', 'R', 'B'], ['R', 'B', 'R', 'B'], ['B', 'R', 'B', 'B'], ['R', 'R', 'B', 'G']]",Mutual Dependency,"MD (2,2)",True,contract_for_finishing,6,0,0,0,0,0,0,140,0,0,0.0714285714285714,140,True,True,0,0,0,0,0,0,0,0,0,0,0,0,2,1,1,1,1,0,1,0,1,4,2,2,0,0,0,4,2,2,4,2,2,1,3,,0,0,0,0,0,0,15,5,0,0,0,0,0,0,0,0,0,0,0,0,0,0,0,0,0,0,2,3,2,3,0
FOUR_1-FOUR_1,99,39,ctx1_fog00_p4ptrue_contract_none_selfish11_opv00,20260527_235241_101106_0676c1b4,default,True,"[False, False]","[False, False]","[['G', 'R', 'R', 'B'], ['R', 'B', 'R', 'B'], ['B', 'R', 'B', 'B'], ['R', 'R', 'B', 'G']]",Mutual Dependency,"MD (2,2)",True,,8,0,0,0,0,0,0,140,0,0,0.0,140,True,True,0,0,0,0,0,0,0,0,0,0,0,0,4,3,1,1,1,0,3,0,3,4,2,2,1,0,1,5,3,2,4,2,2,0,0,0.0,0,0,0,0,0,0,0,0,0,0,0,0,0,0,0,0,0,0,0,0,0,0,0,0,0,0,2,3,2,3,0
FOUR_1-FOUR_1,99,39,ctx1_fog00_p4ptrue_contract_strict_selfish11_opv00,20260527_235249_308072_566ca528,default,True,"[False, False]","[False, False]","[['G', 'R', 'R', 'B'], ['R', 'B', 'R', 'B'], ['B', 'R', 'B', 'B'], ['R', 'R', 'B', 'G']]",Mutual Dependency,"MD (2,2)",True,strict,4,0,0,0,0,0,0,0,0,0,0.0,140,False,False,0,0,0,0,0,0,0,0,0,0,0,0,0,0,0,0,0,0,0,0,0,0,0,0,0,0,0,0,0,0,0,0,0,1,2,4.0,2,2,0,0,0,0,0,0,0,0,0,0,0,0,0,0,0,0,0,0,0,0,0,0,0,0,2,3,2,3,0
FOUR_1-FOUR_1,99,39,ctx1_fog00_p4ptrue_contract_tile_with_judge_implementation_selfish11_opv00,20260527_235259_839581_a5d1f3ed,default,True,"[False, False]","[False, False]","[['G', 'R', 'R', 'B'], ['R', 'B', 'R', 'B'], ['B', 'R', 'B', 'B'], ['R', 'R', 'B', 'G']]",Mutual Dependency,"MD (2,2)",True,tile_with_judge_implementation,7,1,0,0,0,0,0,0,0,0,0.0,140,False,False,0,0,0,0,0,0,0,0,0,0,0,0,0,0,0,0,0,0,0,0,0,0,0,0,0,0,0,0,0,0,0,0,0,1,2,,0,0,1,1,0,0,0,0,0,0,0,0,0,0,0,0,0,0,0,0,0,0,0,0,0,0,2,3,2,3,0
FOUR_1-FOUR_1,104,40,ctx1_fog00_p4ptrue_contract_contract_for_finishing_selfish11_opv00,20260527_234115_390252_e1ec73c7,default,True,"[False, False]","[False, False]","[['G', 'B', 'B', 'B'], ['R', 'R', 'R', 'B'], ['B', 'B', 'R', 'R'], ['R', 'B', 'R', 'G']]",Needy Player (Blue),NP-Blue (Need=1),True,contract_for_finishing,8,0,0,0,0,70,0,70,0,0,0.5,140,True,False,0,0,0,0,0,0,0,0,0,0,0,0,4,0,4,0,0,0,4,4,0,0,0,0,0,0,0,0,0,0,0,0,0,1,2,,0,0,0,0,0,0,3,0,0,0,0,0,0,0,0,0,0,0,0,0,0,0,0,0,0,0,1,3,0,3,1
FOUR_1-FOUR_1,104,40,ctx1_fog00_p4ptrue_contract_none_selfish11_opv00,20260527_234115_390070_de23bd43,default,True,"[False, False]","[False, False]","[['G', 'B', 'B', 'B'], ['R', 'R', 'R', 'B'], ['B', 'B', 'R', 'R'], ['R', 'B', 'R', 'G']]",Needy Player (Blue),NP-Blue (Need=1),True,,8,0,0,0,0,70,0,70,0,0,0.5,140,True,False,0,0,0,0,0,0,0,0,0,0,0,0,5,0,5,0,0,0,5,5,0,0,0,0,0,0,0,0,0,0,0,0,0,0,0,0.0,0,0,0,0,0,0,0,0,0,0,0,0,0,0,0,0,0,0,0,0,0,0,0,0,0,0,1,3,0,3,1
FOUR_1-FOUR_1,104,40,ctx1_fog00_p4ptrue_contract_strict_selfish11_opv00,20260527_234115_389809_7fcc89e2,default,True,"[False, False]","[False, False]","[['G', 'B', 'B', 'B'], ['R', 'R', 'R', 'B'], ['B', 'B', 'R', 'R'], ['R', 'B', 'R', 'G']]",Needy Player (Blue),NP-Blue (Need=1),True,strict,8,0,0,0,0,70,0,70,0,0,0.5,140,True,False,0,0,0,0,0,0,0,0,0,0,0,0,0,0,0,0,0,0,0,0,0,0,0,0,0,0,0,0,0,0,0,0,0,1,2,2.0,1,1,0,0,0,0,0,0,0,0,0,0,0,0,0,0,0,0,0,0,0,0,0,0,0,0,1,3,0,3,1
FOUR_1-FOUR_1,104,40,ctx1_fog00_p4ptrue_contract_tile_with_judge_implementation_selfish11_opv00,20260527_234115_390438_34a6f1d5,default,True,"[False, False]","[False, False]","[['G', 'B', 'B', 'B'], ['R', 'R', 'R', 'B'], ['B', 'B', 'R', 'R'], ['R', 'B', 'R', 'G']]",Needy Player (Blue),NP-Blue (Need=1),True,tile_with_judge_implementation,8,0,0,0,0,70,0,75,0,0,0.5,140,True,False,0,0,0,0,0,0,0,0,0,0,0,0,0,0,0,0,0,0,0,0,0,0,0,0,0,0,0,0,0,0,0,0,0,1,2,,0,0,1,0,0,1,0,0,0,0,0,0,0,0,0,0,0,0,0,0,0,0,0,0,0,0,1,3,0,3,1
FOUR_1-FOUR_1,105,41,ctx1_fog00_p4ptrue_contract_contract_for_finishing_selfish11_opv00,20260527_234115_392206_ed628056,default,True,"[False, False]","[False, False]","[['G', 'B', 'B', 'B'], ['R', 'R', 'R', 'B'], ['R', 'B', 'R', 'R'], ['B', 'B', 'R', 'G']]",Needy Player (Blue),NP-Blue (Need=1),True,contract_for_finishing,8,0,0,0,0,70,0,70,0,0,0.5,140,True,False,0,0,0,0,0,0,0,0,0,0,0,0,8,0,8,0,0,0,8,8,0,0,0,0,0,0,0,0,0,0,0,0,0,1,2,,0,0,0,0,0,0,20,0,0,0,0,0,0,0,0,0,0,0,0,0,0,0,0,0,0,0,1,3,0,3,1
FOUR_1-FOUR_1,105,41,ctx1_fog00_p4ptrue_contract_none_selfish11_opv00,20260527_234115_390625_db8fea28,default,True,"[False, False]","[False, False]","[['G', 'B', 'B', 'B'], ['R', 'R', 'R', 'B'], ['R', 'B', 'R', 'R'], ['B', 'B', 'R', 'G']]",Needy Player (Blue),NP-Blue (Need=1),True,,8,0,0,0,0,70,0,70,0,0,0.5,140,True,False,0,0,0,0,0,0,0,0,0,0,0,0,8,0,8,0,0,0,8,8,0,0,0,0,0,0,0,0,0,0,0,0,0,0,0,0.0,0,0,0,0,0,0,0,0,0,0,0,0,0,0,0,0,0,0,0,0,0,0,0,0,0,0,1,3,0,3,1
FOUR_1-FOUR_1,105,41,ctx1_fog00_p4ptrue_contract_strict_selfish11_opv00,20260527_234115_390991_302f5178,default,True,"[False, False]","[False, False]","[['G', 'B', 'B', 'B'], ['R', 'R', 'R', 'B'], ['R', 'B', 'R', 'R'], ['B', 'B', 'R', 'G']]",Needy Player (Blue),NP-Blue (Need=1),True,strict,8,0,0,0,0,70,0,70,0,0,0.5,140,True,False,0,0,0,0,0,0,0,0,0,0,0,0,0,0,0,0,0,0,0,0,0,0,0,0,0,0,0,0,0,0,0,0,0,1,2,2.0,1,1,0,0,0,0,0,0,0,0,0,0,0,0,0,0,0,0,0,0,0,0,0,0,0,0,1,3,0,3,1
FOUR_1-FOUR_1,105,41,ctx1_fog00_p4ptrue_contract_tile_with_judge_implementation_selfish11_opv00,20260527_234115_392649_ca57d987,default,True,"[False, False]","[False, False]","[['G', 'B', 'B', 'B'], ['R', 'R', 'R', 'B'], ['R', 'B', 'R', 'R'], ['B', 'B', 'R', 'G']]",Needy Player (Blue),NP-Blue (Need=1),True,tile_with_judge_implementation,7,0,0,0,0,70,0,140,0,0,0.1071428571428572,140,True,True,0,0,0,0,0,0,0,0,0,0,0,0,0,0,0,0,0,0,0,0,0,0,0,0,0,0,0,0,0,0,0,0,0,1,2,,0,0,4,1,0,0,0,0,0,0,0,0,0,0,0,0,0,0,0,0,0,0,0,0,0,0,1,3,0,3,1
FOUR_1-FOUR_1,106,42,ctx1_fog00_p4ptrue_contract_contract_for_finishing_selfish11_opv00,20260527_234226_124268_aaf32fdd,default,True,"[False, False]","[False, False]","[['G', 'B', 'B', 'B'], ['R', 'B', 'R', 'B'], ['R', 'B', 'B', 'R'], ['R', 'R', 'R', 'G']]",Needy Player (Blue),NP-Blue (Need=1),True,contract_for_finishing,8,0,0,0,0,70,0,70,0,0,0.5,140,True,False,0,0,0,0,0,0,0,0,0,0,0,0,6,0,6,0,0,0,6,6,0,0,0,0,0,0,0,0,0,0,0,0,0,1,2,,0,0,0,0,0,0,0,0,0,0,0,0,0,0,0,0,0,0,0,0,0,0,0,0,0,0,1,3,0,3,1
FOUR_1-FOUR_1,106,42,ctx1_fog00_p4ptrue_contract_none_selfish11_opv00,20260527_234215_363840_2112f51c,default,True,"[False, False]","[False, False]","[['G', 'B', 'B', 'B'], ['R', 'B', 'R', 'B'], ['R', 'B', 'B', 'R'], ['R', 'R', 'R', 'G']]",Needy Player (Blue),NP-Blue (Need=1),True,,8,0,0,0,0,70,0,70,0,0,0.5,140,True,False,0,0,0,0,0,0,0,0,0,0,0,0,7,0,7,0,0,0,7,7,0,0,0,0,0,0,0,0,0,0,0,0,0,0,0,0.0,0,0,0,0,0,0,0,0,0,0,0,0,0,0,0,0,0,0,0,0,0,0,0,0,0,0,1,3,0,3,1
FOUR_1-FOUR_1,106,42,ctx1_fog00_p4ptrue_contract_strict_selfish11_opv00,20260527_234224_165323_c1d3d83b,default,True,"[False, False]","[False, False]","[['G', 'B', 'B', 'B'], ['R', 'B', 'R', 'B'], ['R', 'B', 'B', 'R'], ['R', 'R', 'R', 'G']]",Needy Player (Blue),NP-Blue (Need=1),True,strict,8,0,0,0,0,70,0,70,0,0,0.5,140,True,False,0,0,0,0,0,0,0,0,0,0,0,0,6,0,6,0,0,0,6,6,0,0,0,0,0,0,0,0,0,0,0,0,0,0,0,0.0,0,0,0,0,0,0,0,0,0,0,0,0,0,0,0,0,0,0,0,0,0,0,0,0,0,0,1,3,0,3,1
FOUR_1-FOUR_1,106,42,ctx1_fog00_p4ptrue_contract_tile_with_judge_implementation_selfish11_opv00,20260527_234243_333466_b88a7897,default,True,"[False, False]","[False, False]","[['G', 'B', 'B', 'B'], ['R', 'B', 'R', 'B'], ['R', 'B', 'B', 'R'], ['R', 'R', 'R', 'G']]",Needy Player (Blue),NP-Blue (Need=1),True,tile_with_judge_implementation,8,0,0,0,0,70,0,140,0,0,0.0,140,True,True,0,0,0,0,0,0,0,0,0,0,0,0,0,0,0,0,0,0,0,0,0,0,0,0,0,0,0,0,0,0,0,0,0,1,3,,0,0,1,1,0,0,0,0,0,0,0,0,0,0,0,0,0,0,0,0,0,0,0,0,0,0,1,3,0,3,1
FOUR_1-FOUR_1,107,43,ctx1_fog00_p4ptrue_contract_contract_for_finishing_selfish11_opv00,20260527_234301_911085_3af59c28,default,True,"[False, False]","[False, False]","[['G', 'R', 'R', 'R'], ['B', 'B', 'R', 'R'], ['B', 'B', 'R', 'B'], ['B', 'B', 'R', 'G']]",Needy Player (Blue),NP-Blue (Need=1),True,contract_for_finishing,8,0,0,0,0,70,0,70,0,0,0.5,140,True,False,0,0,0,0,0,0,0,0,0,0,0,0,4,0,4,0,0,0,4,4,0,0,0,0,0,0,0,0,0,0,0,0,0,1,3,,0,0,0,0,0,0,0,0,0,0,0,0,0,0,0,0,0,0,0,0,0,0,0,0,0,0,1,3,0,3,1
FOUR_1-FOUR_1,107,43,ctx1_fog00_p4ptrue_contract_none_selfish11_opv00,20260527_234250_263798_2e91394b,default,True,"[False, False]","[False, False]","[['G', 'R', 'R', 'R'], ['B', 'B', 'R', 'R'], ['B', 'B', 'R', 'B'], ['B', 'B', 'R', 'G']]",Needy Player (Blue),NP-Blue (Need=1),True,,8,0,0,0,0,70,0,70,0,0,0.5,140,True,False,0,0,0,0,0,0,0,0,0,0,0,0,6,0,6,0,0,0,6,6,0,0,0,0,0,0,0,0,0,0,0,0,0,0,0,0.0,0,0,0,0,0,0,0,0,0,0,0,0,0,0,0,0,0,0,0,0,0,0,0,0,0,0,1,3,0,3,1
FOUR_1-FOUR_1,107,43,ctx1_fog00_p4ptrue_contract_strict_selfish11_opv00,20260527_234257_476929_d0e04596,default,True,"[False, False]","[False, False]","[['G', 'R', 'R', 'R'], ['B', 'B', 'R', 'R'], ['B', 'B', 'R', 'B'], ['B', 'B', 'R', 'G']]",Needy Player (Blue),NP-Blue (Need=1),True,strict,8,0,0,0,0,70,0,70,0,0,0.5,140,True,False,0,0,0,0,0,0,0,0,0,0,0,0,0,0,0,0,0,0,0,0,0,0,0,0,0,0,0,0,0,0,0,0,0,1,3,2.0,1,1,0,0,0,0,0,0,0,0,0,0,0,0,0,0,0,0,0,0,0,0,0,0,0,0,1,3,0,3,1
FOUR_1-FOUR_1,107,43,ctx1_fog00_p4ptrue_contract_tile_with_judge_implementation_selfish11_opv00,20260527_234320_804165_481173d9,default,True,"[False, False]","[False, False]","[['G', 'R', 'R', 'R'], ['B', 'B', 'R', 'R'], ['B', 'B', 'R', 'B'], ['B', 'B', 'R', 'G']]",Needy Player (Blue),NP-Blue (Need=1),True,tile_with_judge_implementation,8,0,0,0,0,70,0,70,0,0,0.5,140,True,False,0,0,0,0,0,0,0,0,0,0,0,0,0,0,0,0,0,0,0,0,0,0,0,0,0,0,0,0,0,0,0,0,0,1,4,,0,0,0,0,0,0,0,0,0,0,0,0,0,0,0,0,0,0,0,0,0,0,0,0,0,0,1,3,0,3,1
FOUR_1-FOUR_1,108,44,ctx1_fog00_p4ptrue_contract_contract_for_finishing_selfish11_opv00,20260527_234356_441411_ced1b00f,default,True,"[False, False]","[False, False]","[['G', 'B', 'B', 'B'], ['R', 'R', 'B', 'B'], ['R', 'R', 'R', 'R'], ['R', 'B', 'B', 'G']]",Needy Player (Blue),NP-Blue (Need=1),True,contract_for_finishing,8,0,0,0,0,70,0,70,0,0,0.5,140,True,False,0,0,0,0,0,0,0,0,0,0,0,0,5,0,5,0,0,0,5,5,0,0,0,0,0,0,0,0,0,0,0,0,0,1,2,,0,0,0,0,0,0,5,0,0,0,0,0,0,0,0,0,0,0,0,0,0,0,0,0,0,0,1,3,0,3,1
FOUR_1-FOUR_1,108,44,ctx1_fog00_p4ptrue_contract_none_selfish11_opv00,20260527_234323_102913_3d2bf903,default,True,"[False, False]","[False, False]","[['G', 'B', 'B', 'B'], ['R', 'R', 'B', 'B'], ['R', 'R', 'R', 'R'], ['R', 'B', 'B', 'G']]",Needy Player (Blue),NP-Blue (Need=1),True,,8,0,0,0,0,70,0,70,0,0,0.5,140,True,False,0,0,0,0,0,0,0,0,0,0,0,0,7,0,7,0,0,0,7,7,0,0,0,0,0,0,0,0,0,0,0,0,0,0,0,0.0,0,0,0,0,0,0,0,0,0,0,0,0,0,0,0,0,0,0,0,0,0,0,0,0,0,0,1,3,0,3,1
FOUR_1-FOUR_1,108,44,ctx1_fog00_p4ptrue_contract_strict_selfish11_opv00,20260527_234351_988549_23494ca8,default,True,"[False, False]","[False, False]","[['G', 'B', 'B', 'B'], ['R', 'R', 'B', 'B'], ['R', 'R', 'R', 'R'], ['R', 'B', 'B', 'G']]",Needy Player (Blue),NP-Blue (Need=1),True,strict,8,0,0,0,0,70,0,70,0,0,0.5,140,True,False,0,0,0,0,0,0,0,0,0,0,0,0,0,0,0,0,0,0,0,0,0,0,0,0,0,0,0,0,0,0,0,0,0,1,2,2.0,1,1,0,0,0,0,0,0,0,0,0,0,0,0,0,0,0,0,0,0,0,0,0,0,0,0,1,3,0,3,1
FOUR_1-FOUR_1,108,44,ctx1_fog00_p4ptrue_contract_tile_with_judge_implementation_selfish11_opv00,20260527_234408_174809_65c88f52,default,True,"[False, False]","[False, False]","[['G', 'B', 'B', 'B'], ['R', 'R', 'B', 'B'], ['R', 'R', 'R', 'R'], ['R', 'B', 'B', 'G']]",Needy Player (Blue),NP-Blue (Need=1),True,tile_with_judge_implementation,8,0,0,0,0,70,0,70,0,0,0.5,140,True,False,0,0,0,0,0,0,0,0,0,0,0,0,0,0,0,0,0,0,0,0,0,0,0,0,0,0,0,0,0,0,0,0,0,1,6,,0,0,0,0,0,0,0,0,0,0,0,0,0,0,0,0,0,0,0,0,0,0,0,0,0,0,1,3,0,3,1
FOUR_1-FOUR_1,109,45,ctx1_fog00_p4ptrue_contract_contract_for_finishing_selfish11_opv00,20260527_234426_330669_010dca78,default,True,"[False, False]","[False, False]","[['G', 'B', 'B', 'B'], ['R', 'R', 'R', 'R'], ['R', 'B', 'R', 'R'], ['B', 'B', 'B', 'G']]",Needy Player (Blue),NP-Blue (Need=1),True,contract_for_finishing,8,0,0,0,0,70,0,70,0,0,0.5,140,True,False,0,0,0,0,0,0,0,0,0,0,0,0,4,0,4,0,0,0,4,4,0,0,0,0,0,0,0,0,0,0,0,0,0,1,2,,0,0,0,0,0,0,20,0,0,0,0,0,0,0,0,0,0,0,0,0,0,0,0,0,0,0,1,3,0,3,1
FOUR_1-FOUR_1,109,45,ctx1_fog00_p4ptrue_contract_none_selfish11_opv00,20260527_234415_057015_0f160cb3,default,True,"[False, False]","[False, False]","[['G', 'B', 'B', 'B'], ['R', 'R', 'R', 'R'], ['R', 'B', 'R', 'R'], ['B', 'B', 'B', 'G']]",Needy Player (Blue),NP-Blue (Need=1),True,,8,0,0,0,0,70,0,70,0,0,0.5,140,True,False,0,0,0,0,0,0,0,0,0,0,0,0,5,0,5,0,0,0,5,5,0,0,0,0,0,0,0,0,0,0,0,0,0,0,0,0.0,0,0,0,0,0,0,0,0,0,0,0,0,0,0,0,0,0,0,0,0,0,0,0,0,0,0,1,3,0,3,1
FOUR_1-FOUR_1,109,45,ctx1_fog00_p4ptrue_contract_strict_selfish11_opv00,20260527_234422_629278_9bbe1682,default,True,"[False, False]","[False, False]","[['G', 'B', 'B', 'B'], ['R', 'R', 'R', 'R'], ['R', 'B', 'R', 'R'], ['B', 'B', 'B', 'G']]",Needy Player (Blue),NP-Blue (Need=1),True,strict,8,1,0,0,1,70,0,70,0,0,0.5,140,True,False,0,0,0,0,0,0,0,0,0,0,0,0,5,0,5,0,0,0,5,5,0,0,0,0,0,0,0,0,0,0,0,0,0,0,0,0.0,0,0,0,0,0,0,0,0,0,0,0,0,0,0,0,0,0,0,0,0,0,0,0,0,0,0,1,3,0,3,1
FOUR_1-FOUR_1,109,45,ctx1_fog00_p4ptrue_contract_tile_with_judge_implementation_selfish11_opv00,20260527_234435_867714_ee6ea0ab,default,True,"[False, False]","[False, False]","[['G', 'B', 'B', 'B'], ['R', 'R', 'R', 'R'], ['R', 'B', 'R', 'R'], ['B', 'B', 'B', 'G']]",Needy Player (Blue),NP-Blue (Need=1),True,tile_with_judge_implementation,6,0,0,0,0,70,0,140,0,0,0.0,140,True,True,0,0,0,0,0,0,0,0,0,0,0,0,0,0,0,0,0,0,0,0,0,0,0,0,0,0,0,0,0,0,0,0,0,1,2,,0,0,1,1,1,1,0,0,0,0,0,0,0,0,0,0,0,0,0,0,0,0,0,0,0,0,1,3,0,3,1
FOUR_1-FOUR_1,110,46,ctx1_fog00_p4ptrue_contract_contract_for_finishing_selfish11_opv00,20260527_234512_677629_75f346fd,default,True,"[False, False]","[False, False]","[['G', 'R', 'B', 'B'], ['R', 'R', 'B', 'R'], ['B', 'R', 'B', 'B'], ['B', 'R', 'R', 'G']]",Needy Player (Blue),NP-Blue (Need=1),True,contract_for_finishing,8,0,0,0,0,70,0,70,0,0,0.5,140,True,False,0,0,0,0,0,0,0,0,0,0,0,0,7,0,7,0,0,0,7,7,0,0,0,0,0,0,0,0,0,0,0,0,0,1,2,,0,0,0,0,0,0,0,0,0,0,0,0,0,0,0,0,0,0,0,0,0,0,0,0,0,0,1,3,0,3,1
FOUR_1-FOUR_1,110,46,ctx1_fog00_p4ptrue_contract_none_selfish11_opv00,20260527_234449_998537_61260991,default,True,"[False, False]","[False, False]","[['G', 'R', 'B', 'B'], ['R', 'R', 'B', 'R'], ['B', 'R', 'B', 'B'], ['B', 'R', 'R', 'G']]",Needy Player (Blue),NP-Blue (Need=1),True,,8,0,0,0,0,70,0,70,0,0,0.5,140,True,False,0,0,0,0,0,0,0,0,0,0,0,0,6,0,6,0,0,0,6,6,0,0,0,0,0,0,0,0,0,0,0,0,0,0,0,0.0,0,0,0,0,0,0,0,0,0,0,0,0,0,0,0,0,0,0,0,0,0,0,0,0,0,0,1,3,0,3,1
FOUR_1-FOUR_1,110,46,ctx1_fog00_p4ptrue_contract_strict_selfish11_opv00,20260527_234456_505668_1892d476,default,True,"[False, False]","[False, False]","[['G', 'R', 'B', 'B'], ['R', 'R', 'B', 'R'], ['B', 'R', 'B', 'B'], ['B', 'R', 'R', 'G']]",Needy Player (Blue),NP-Blue (Need=1),True,strict,8,0,0,0,0,70,0,70,0,0,0.5,140,True,False,0,0,0,0,0,0,0,0,0,0,0,0,6,0,6,0,0,0,6,6,0,0,0,0,0,0,0,0,0,0,0,0,0,0,0,0.0,0,0,0,0,0,0,0,0,0,0,0,0,0,0,0,0,0,0,0,0,0,0,0,0,0,0,1,3,0,3,1
FOUR_1-FOUR_1,110,46,ctx1_fog00_p4ptrue_contract_tile_with_judge_implementation_selfish11_opv00,20260527_234528_339177_1830c383,default,True,"[False, False]","[False, False]","[['G', 'R', 'B', 'B'], ['R', 'R', 'B', 'R'], ['B', 'R', 'B', 'B'], ['B', 'R', 'R', 'G']]",Needy Player (Blue),NP-Blue (Need=1),True,tile_with_judge_implementation,8,0,0,0,0,70,0,70,0,0,0.5,140,True,False,0,0,0,0,0,0,0,0,0,0,0,0,6,0,6,0,0,0,6,6,0,0,0,0,0,0,0,0,0,0,0,0,0,0,0,0.0,0,0,0,0,0,0,0,0,0,0,0,0,0,0,0,0,0,0,0,0,0,0,0,0,0,0,1,3,0,3,1
FOUR_1-FOUR_1,111,47,ctx1_fog00_p4ptrue_contract_contract_for_finishing_selfish11_opv00,20260527_234600_354260_7a82133a,default,True,"[False, False]","[False, False]","[['G', 'B', 'B', 'R'], ['R', 'R', 'R', 'R'], ['R', 'B', 'B', 'R'], ['B', 'B', 'B', 'G']]",Needy Player (Blue),NP-Blue (Need=1),True,contract_for_finishing,10,0,0,0,0,70,0,70,0,0,0.5,140,True,False,0,0,0,0,0,0,0,0,0,0,0,0,7,0,7,0,0,0,7,7,0,0,0,0,0,0,0,0,0,0,0,0,0,1,2,,0,0,0,0,0,0,0,0,0,0,0,0,0,0,0,0,0,0,0,0,0,0,0,0,0,0,1,3,0,3,1
FOUR_1-FOUR_1,111,47,ctx1_fog00_p4ptrue_contract_none_selfish11_opv00,20260527_234552_350087_45de109c,default,True,"[False, False]","[False, False]","[['G', 'B', 'B', 'R'], ['R', 'R', 'R', 'R'], ['R', 'B', 'B', 'R'], ['B', 'B', 'B', 'G']]",Needy Player (Blue),NP-Blue (Need=1),True,,8,0,0,0,0,70,0,70,0,0,0.5,140,True,False,0,0,0,0,0,0,0,0,0,0,0,0,8,0,8,0,0,0,8,8,0,0,0,0,0,0,0,0,0,0,0,0,0,0,0,0.0,0,0,0,0,0,0,0,0,0,0,0,0,0,0,0,0,0,0,0,0,0,0,0,0,0,0,1,3,0,3,1
FOUR_1-FOUR_1,111,47,ctx1_fog00_p4ptrue_contract_strict_selfish11_opv00,20260527_234553_292284_86eb35ff,default,True,"[False, False]","[False, False]","[['G', 'B', 'B', 'R'], ['R', 'R', 'R', 'R'], ['R', 'B', 'B', 'R'], ['B', 'B', 'B', 'G']]",Needy Player (Blue),NP-Blue (Need=1),True,strict,8,0,0,0,0,70,0,70,0,0,0.5,140,True,False,0,0,0,0,0,0,0,0,0,0,0,0,6,0,6,0,0,0,6,6,0,0,0,0,0,0,0,0,0,0,0,0,0,0,0,0.0,0,0,0,0,0,0,0,0,0,0,0,0,0,0,0,0,0,0,0,0,0,0,0,0,0,0,1,3,0,3,1
FOUR_1-FOUR_1,111,47,ctx1_fog00_p4ptrue_contract_tile_with_judge_implementation_selfish11_opv00,20260527_234609_081897_d5d1c12e,default,True,"[False, False]","[False, False]","[['G', 'B', 'B', 'R'], ['R', 'R', 'R', 'R'], ['R', 'B', 'B', 'R'], ['B', 'B', 'B', 'G']]",Needy Player (Blue),NP-Blue (Need=1),True,tile_with_judge_implementation,8,0,0,0,0,70,0,70,0,0,0.5,140,True,False,0,0,0,0,0,0,0,0,0,0,0,0,7,0,7,0,0,0,7,7,0,0,0,0,0,0,0,0,0,0,0,0,0,0,0,0.0,0,0,0,0,0,0,0,0,0,0,0,0,0,0,0,0,0,0,0,0,0,0,0,0,0,0,1,3,0,3,1
FOUR_1-FOUR_1,112,48,ctx1_fog00_p4ptrue_contract_contract_for_finishing_selfish11_opv00,20260527_234656_269946_200277bc,default,True,"[False, False]","[False, False]","[['G', 'R', 'B', 'B'], ['R', 'B', 'R', 'B'], ['R', 'R', 'B', 'B'], ['B', 'R', 'R', 'G']]",Needy Player (Blue),NP-Blue (Need=1),True,contract_for_finishing,8,0,0,0,0,70,0,70,0,0,0.5,140,True,False,0,0,0,0,0,0,0,0,0,0,0,0,4,0,4,0,0,0,4,4,0,0,0,0,0,0,0,0,0,0,0,0,0,1,2,,0,0,0,0,0,0,3,0,0,0,0,0,0,0,0,0,0,0,0,0,0,0,0,0,0,0,1,3,0,3,1
FOUR_1-FOUR_1,112,48,ctx1_fog00_p4ptrue_contract_none_selfish11_opv00,20260527_234624_238335_df1b03c3,default,True,"[False, False]","[False, False]","[['G', 'R', 'B', 'B'], ['R', 'B', 'R', 'B'], ['R', 'R', 'B', 'B'], ['B', 'R', 'R', 'G']]",Needy Player (Blue),NP-Blue (Need=1),True,,8,0,0,0,0,70,0,70,0,0,0.5,140,True,False,0,0,0,0,0,0,0,0,0,0,0,0,7,0,7,0,0,0,7,7,0,0,0,0,0,0,0,0,0,0,0,0,0,0,0,0.0,0,0,0,0,0,0,0,0,0,0,0,0,0,0,0,0,0,0,0,0,0,0,0,0,0,0,1,3,0,3,1
FOUR_1-FOUR_1,112,48,ctx1_fog00_p4ptrue_contract_strict_selfish11_opv00,20260527_234631_471241_a85ec2cb,default,True,"[False, False]","[False, False]","[['G', 'R', 'B', 'B'], ['R', 'B', 'R', 'B'], ['R', 'R', 'B', 'B'], ['B', 'R', 'R', 'G']]",Needy Player (Blue),NP-Blue (Need=1),True,strict,8,0,0,0,0,70,0,70,0,0,0.5,140,True,False,0,0,0,0,0,0,0,0,0,0,0,0,0,0,0,0,0,0,0,0,0,0,0,0,0,0,0,0,0,0,0,0,0,1,3,2.0,1,1,0,0,0,0,0,0,0,0,0,0,0,0,0,0,0,0,0,0,0,0,0,0,0,0,1,3,0,3,1
FOUR_1-FOUR_1,112,48,ctx1_fog00_p4ptrue_contract_tile_with_judge_implementation_selfish11_opv00,20260527_234710_966126_90dd6b18,default,True,"[False, False]","[False, False]","[['G', 'R', 'B', 'B'], ['R', 'B', 'R', 'B'], ['R', 'R', 'B', 'B'], ['B', 'R', 'R', 'G']]",Needy Player (Blue),NP-Blue (Need=1),True,tile_with_judge_implementation,6,0,0,0,0,70,0,140,0,0,0.03571428571428581,140,True,True,0,0,0,0,0,0,0,0,0,0,0,0,0,0,0,0,0,0,0,0,0,0,0,0,0,0,0,0,0,0,0,0,0,1,4,,0,0,0,1,1,1,0,0,0,0,0,0,0,0,0,0,0,0,0,0,0,0,0,0,0,0,1,3,0,3,1
FOUR_1-FOUR_1,113,49,ctx1_fog00_p4ptrue_contract_contract_for_finishing_selfish11_opv00,20260527_234742_124402_8f5cba18,default,True,"[False, False]","[False, False]","[['G', 'B', 'B', 'B'], ['R', 'B', 'B', 'R'], ['R', 'R', 'B', 'R'], ['B', 'R', 'R', 'G']]",Needy Player (Blue),NP-Blue (Need=1),True,contract_for_finishing,8,0,0,0,0,70,0,70,0,0,0.5,140,True,False,0,0,0,0,0,0,0,0,0,0,0,0,4,0,4,0,0,0,4,4,0,0,0,0,0,0,0,0,0,0,0,0,0,1,3,,0,0,0,0,0,0,0,0,0,0,0,0,0,0,0,0,0,0,0,0,0,0,0,0,0,0,1,3,0,3,1
FOUR_1-FOUR_1,113,49,ctx1_fog00_p4ptrue_contract_none_selfish11_opv00,20260527_234720_304153_c7447305,default,True,"[False, False]","[False, False]","[['G', 'B', 'B', 'B'], ['R', 'B', 'B', 'R'], ['R', 'R', 'B', 'R'], ['B', 'R', 'R', 'G']]",Needy Player (Blue),NP-Blue (Need=1),True,,8,0,0,0,0,70,0,70,0,0,0.5,140,True,False,0,0,0,0,0,0,0,0,0,0,0,0,7,0,7,0,0,0,7,7,0,0,0,0,0,0,0,0,0,0,0,0,0,0,0,0.0,0,0,0,0,0,0,0,0,0,0,0,0,0,0,0,0,0,0,0,0,0,0,0,0,0,0,1,3,0,3,1
FOUR_1-FOUR_1,113,49,ctx1_fog00_p4ptrue_contract_strict_selfish11_opv00,20260527_234733_806155_85b981ac,default,True,"[False, False]","[False, False]","[['G', 'B', 'B', 'B'], ['R', 'B', 'B', 'R'], ['R', 'R', 'B', 'R'], ['B', 'R', 'R', 'G']]",Needy Player (Blue),NP-Blue (Need=1),True,strict,8,0,0,0,0,70,0,70,0,0,0.5,140,True,False,0,0,0,0,0,0,0,0,0,0,0,0,6,0,6,0,0,0,6,6,0,0,0,0,0,0,0,0,0,0,0,0,0,0,0,0.0,0,0,0,0,0,0,0,0,0,0,0,0,0,0,0,0,0,0,0,0,0,0,0,0,0,0,1,3,0,3,1
FOUR_1-FOUR_1,113,49,ctx1_fog00_p4ptrue_contract_tile_with_judge_implementation_selfish11_opv00,20260527_234800_496153_f935353d,default,True,"[False, False]","[False, False]","[['G', 'B', 'B', 'B'], ['R', 'B', 'B', 'R'], ['R', 'R', 'B', 'R'], ['B', 'R', 'R', 'G']]",Needy Player (Blue),NP-Blue (Need=1),True,tile_with_judge_implementation,8,0,0,0,0,70,0,130,0,0,0.03846153846153855,140,True,True,0,0,0,0,0,0,0,0,0,0,0,0,0,0,0,0,0,0,0,0,0,0,0,0,0,0,0,0,0,0,0,0,0,1,2,,0,0,1,1,0,0,0,0,0,0,0,0,0,0,0,0,0,0,0,0,0,0,0,0,0,0,1,3,0,3,1
FOUR_1-FOUR_1,114,50,ctx1_fog00_p4ptrue_contract_contract_for_finishing_selfish11_opv00,20260527_234842_090635_9f6d0d09,default,True,"[False, False]","[False, False]","[['G', 'B', 'R', 'B'], ['R', 'R', 'B', 'R'], ['B', 'R', 'B', 'B'], ['B', 'R', 'R', 'G']]",Needy Player (Blue),NP-Blue (Need=1),True,contract_for_finishing,8,0,0,0,0,70,0,70,0,0,0.5,140,True,False,0,0,0,0,0,0,0,0,0,0,0,0,6,0,6,0,0,0,6,6,0,0,0,0,0,0,0,0,0,0,0,0,0,1,3,,0,0,0,0,0,0,10,0,0,0,0,0,0,0,0,0,0,0,0,0,0,0,0,0,0,0,1,3,0,3,1
FOUR_1-FOUR_1,114,50,ctx1_fog00_p4ptrue_contract_none_selfish11_opv00,20260527_234800_809718_b7c5fcb0,default,True,"[False, False]","[False, False]","[['G', 'B', 'R', 'B'], ['R', 'R', 'B', 'R'], ['B', 'R', 'B', 'B'], ['B', 'R', 'R', 'G']]",Needy Player (Blue),NP-Blue (Need=1),True,,8,0,0,0,0,70,0,70,0,0,0.5,140,True,False,0,0,0,0,0,0,0,0,0,0,0,0,8,0,8,0,0,0,8,8,0,0,0,0,0,0,0,0,0,0,0,0,0,0,0,0.0,0,0,0,0,0,0,0,0,0,0,0,0,0,0,0,0,0,0,0,0,0,0,0,0,0,0,1,3,0,3,1
FOUR_1-FOUR_1,114,50,ctx1_fog00_p4ptrue_contract_strict_selfish11_opv00,20260527_234814_328224_5fac38fa,default,True,"[False, False]","[False, False]","[['G', 'B', 'R', 'B'], ['R', 'R', 'B', 'R'], ['B', 'R', 'B', 'B'], ['B', 'R', 'R', 'G']]",Needy Player (Blue),NP-Blue (Need=1),True,strict,8,1,0,0,1,70,0,70,0,0,0.5,140,True,False,0,0,0,0,0,0,0,0,0,0,0,0,7,0,7,0,0,0,7,7,0,0,0,0,0,0,0,0,0,0,0,0,0,0,0,0.0,0,0,0,0,0,0,0,0,0,0,0,0,0,0,0,0,0,0,0,0,0,0,0,0,0,0,1,3,0,3,1
FOUR_1-FOUR_1,114,50,ctx1_fog00_p4ptrue_contract_tile_with_judge_implementation_selfish11_opv00,20260527_234844_857814_cb23e8b2,default,True,"[False, False]","[False, False]","[['G', 'B', 'R', 'B'], ['R', 'R', 'B', 'R'], ['B', 'R', 'B', 'B'], ['B', 'R', 'R', 'G']]",Needy Player (Blue),NP-Blue (Need=1),True,tile_with_judge_implementation,8,0,0,0,0,70,0,70,0,0,0.5,140,True,False,0,0,0,0,0,0,0,0,0,0,0,0,0,0,0,0,0,0,0,0,0,0,0,0,0,0,0,0,0,0,0,0,0,1,3,,0,0,0,0,1,0,0,0,0,0,0,0,0,0,0,0,0,0,0,0,0,0,0,0,0,0,1,3,0,3,1
FOUR_1-FOUR_1,115,51,ctx1_fog00_p4ptrue_contract_contract_for_finishing_selfish11_opv00,20260527_234919_040776_92765486,default,True,"[False, False]","[False, False]","[['G', 'R', 'R', 'R'], ['R', 'B', 'B', 'R'], ['R', 'B', 'B', 'R'], ['B', 'B', 'B', 'G']]",Needy Player (Blue),NP-Blue (Need=1),True,contract_for_finishing,8,0,0,0,0,70,0,70,0,0,0.5,140,True,False,0,0,0,0,0,0,0,0,0,0,0,0,6,0,6,0,0,0,6,6,0,0,0,0,0,0,0,0,0,0,0,0,0,1,3,,0,0,0,0,0,0,0,0,0,0,0,0,0,0,0,0,0,0,0,0,0,0,0,0,0,0,1,3,0,3,1
FOUR_1-FOUR_1,115,51,ctx1_fog00_p4ptrue_contract_none_selfish11_opv00,20260527_234909_944200_e8a1e313,default,True,"[False, False]","[False, False]","[['G', 'R', 'R', 'R'], ['R', 'B', 'B', 'R'], ['R', 'B', 'B', 'R'], ['B', 'B', 'B', 'G']]",Needy Player (Blue),NP-Blue (Need=1),True,,8,0,0,0,0,70,0,70,0,0,0.5,140,True,False,0,0,0,0,0,0,0,0,0,0,0,0,7,0,7,0,0,0,7,7,0,0,0,0,0,0,0,0,0,0,0,0,0,0,0,0.0,0,0,0,0,0,0,0,0,0,0,0,0,0,0,0,0,0,0,0,0,0,0,0,0,0,0,1,3,0,3,1
FOUR_1-FOUR_1,115,51,ctx1_fog00_p4ptrue_contract_strict_selfish11_opv00,20260527_234911_107062_1f5f6d59,default,True,"[False, False]","[False, False]","[['G', 'R', 'R', 'R'], ['R', 'B', 'B', 'R'], ['R', 'B', 'B', 'R'], ['B', 'B', 'B', 'G']]",Needy Player (Blue),NP-Blue (Need=1),True,strict,8,0,0,0,0,70,0,70,0,0,0.5,140,True,False,0,0,0,0,0,0,0,0,0,0,0,0,7,0,7,0,0,0,7,7,0,0,0,0,0,0,0,0,0,0,0,0,0,0,0,0.0,0,0,0,0,0,0,0,0,0,0,0,0,0,0,0,0,0,0,0,0,0,0,0,0,0,0,1,3,0,3,1
FOUR_1-FOUR_1,115,51,ctx1_fog00_p4ptrue_contract_tile_with_judge_implementation_selfish11_opv00,20260527_234932_112419_f4ad3342,default,True,"[False, False]","[False, False]","[['G', 'R', 'R', 'R'], ['R', 'B', 'B', 'R'], ['R', 'B', 'B', 'R'], ['B', 'B', 'B', 'G']]",Needy Player (Blue),NP-Blue (Need=1),True,tile_with_judge_implementation,9,0,0,0,0,70,0,140,0,0,0.03571428571428581,140,True,True,0,0,0,0,0,0,0,0,0,0,0,0,0,0,0,0,0,0,0,0,0,0,0,0,0,0,0,0,0,0,0,0,0,1,3,,0,0,0,1,1,0,0,0,0,0,0,0,0,0,0,0,0,0,0,0,0,0,0,0,0,0,1,3,0,3,1
FOUR_1-FOUR_1,116,52,ctx1_fog00_p4ptrue_contract_contract_for_finishing_selfish11_opv00,20260527_235012_601544_48dce4f7,default,True,"[False, False]","[False, False]","[['G', 'R', 'B', 'B'], ['B', 'R', 'B', 'B'], ['B', 'R', 'R', 'B'], ['R', 'R', 'R', 'G']]",Needy Player (Blue),NP-Blue (Need=1),True,contract_for_finishing,8,0,0,0,0,70,0,70,0,0,0.5,140,True,False,0,0,0,0,0,0,0,0,0,0,0,0,8,0,8,0,0,0,8,8,0,0,0,0,0,0,0,0,0,0,0,0,0,1,2,,0,0,0,0,0,0,20,0,0,0,0,0,0,0,0,0,0,0,0,0,0,0,0,0,0,0,1,3,0,3,1
FOUR_1-FOUR_1,116,52,ctx1_fog00_p4ptrue_contract_none_selfish11_opv00,20260527_234932_359985_61d77168,default,True,"[False, False]","[False, False]","[['G', 'R', 'B', 'B'], ['B', 'R', 'B', 'B'], ['B', 'R', 'R', 'B'], ['R', 'R', 'R', 'G']]",Needy Player (Blue),NP-Blue (Need=1),True,,8,0,0,0,0,70,0,70,0,0,0.5,140,True,False,0,0,0,0,0,0,0,0,0,0,0,0,6,0,6,0,0,0,6,6,0,0,0,0,0,0,0,0,0,0,0,0,0,0,0,0.0,0,0,0,0,0,0,0,0,0,0,0,0,0,0,0,0,0,0,0,0,0,0,0,0,0,0,1,3,0,3,1
FOUR_1-FOUR_1,116,52,ctx1_fog00_p4ptrue_contract_strict_selfish11_opv00,20260527_235012_564838_1e26db82,default,True,"[False, False]","[False, False]","[['G', 'R', 'B', 'B'], ['B', 'R', 'B', 'B'], ['B', 'R', 'R', 'B'], ['R', 'R', 'R', 'G']]",Needy Player (Blue),NP-Blue (Need=1),True,strict,8,0,0,0,0,70,0,70,0,0,0.5,140,True,False,0,0,0,0,0,0,0,0,0,0,0,0,0,0,0,0,0,0,0,0,0,0,0,0,0,0,0,0,0,0,0,0,0,1,2,2.0,1,1,0,0,0,0,0,0,0,0,0,0,0,0,0,0,0,0,0,0,0,0,0,0,0,0,1,3,0,3,1
FOUR_1-FOUR_1,116,52,ctx1_fog00_p4ptrue_contract_tile_with_judge_implementation_selfish11_opv00,20260527_235013_134036_daf2e05f,default,True,"[False, False]","[False, False]","[['G', 'R', 'B', 'B'], ['B', 'R', 'B', 'B'], ['B', 'R', 'R', 'B'], ['R', 'R', 'R', 'G']]",Needy Player (Blue),NP-Blue (Need=1),True,tile_with_judge_implementation,9,0,0,0,0,70,0,70,0,0,0.5,140,True,False,0,0,0,0,0,0,0,0,0,0,0,0,7,0,7,0,0,0,7,7,0,0,0,0,0,0,0,0,0,0,0,0,0,0,0,0.0,0,0,0,0,0,0,0,0,0,0,0,0,0,0,0,0,0,0,0,0,0,0,0,0,0,0,1,3,0,3,1
FOUR_1-FOUR_1,117,53,ctx1_fog00_p4ptrue_contract_contract_for_finishing_selfish11_opv00,20260527_235043_531408_fe9b3767,default,True,"[False, False]","[False, False]","[['G', 'R', 'B', 'R'], ['B', 'R', 'R', 'R'], ['B', 'B', 'R', 'B'], ['B', 'B', 'R', 'G']]",Needy Player (Blue),NP-Blue (Need=1),True,contract_for_finishing,8,0,0,0,0,70,0,70,0,0,0.5,140,True,False,0,0,0,0,0,0,0,0,0,0,0,0,6,0,6,0,0,0,6,6,0,0,0,0,0,0,0,0,0,0,0,0,0,1,3,,0,0,0,0,0,0,0,0,0,0,0,0,0,0,0,0,0,0,0,0,0,0,0,0,0,0,1,3,0,3,1
FOUR_1-FOUR_1,117,53,ctx1_fog00_p4ptrue_contract_none_selfish11_opv00,20260527_235030_886605_77f9f94a,default,True,"[False, False]","[False, False]","[['G', 'R', 'B', 'R'], ['B', 'R', 'R', 'R'], ['B', 'B', 'R', 'B'], ['B', 'B', 'R', 'G']]",Needy Player (Blue),NP-Blue (Need=1),True,,8,0,0,0,0,70,0,70,0,0,0.5,140,True,False,0,0,0,0,0,0,0,0,0,0,0,0,8,0,8,0,0,0,8,8,0,0,0,0,0,0,0,0,0,0,0,0,0,0,0,0.0,0,0,0,0,0,0,0,0,0,0,0,0,0,0,0,0,0,0,0,0,0,0,0,0,0,0,1,3,0,3,1
FOUR_1-FOUR_1,117,53,ctx1_fog00_p4ptrue_contract_strict_selfish11_opv00,20260527_235035_489719_8a3dd5d2,default,True,"[False, False]","[False, False]","[['G', 'R', 'B', 'R'], ['B', 'R', 'R', 'R'], ['B', 'B', 'R', 'B'], ['B', 'B', 'R', 'G']]",Needy Player (Blue),NP-Blue (Need=1),True,strict,8,1,0,0,1,70,0,70,0,0,0.5,140,True,False,0,0,0,0,0,0,0,0,0,0,0,0,0,0,0,0,0,0,0,0,0,0,0,0,0,0,0,0,0,0,0,0,0,1,3,2.0,1,1,0,0,0,0,0,0,0,0,0,0,0,0,0,0,0,0,0,0,0,0,0,0,0,0,1,3,0,3,1
FOUR_1-FOUR_1,117,53,ctx1_fog00_p4ptrue_contract_tile_with_judge_implementation_selfish11_opv00,20260527_235122_357865_07c51a3d,default,True,"[False, False]","[False, False]","[['G', 'R', 'B', 'R'], ['B', 'R', 'R', 'R'], ['B', 'B', 'R', 'B'], ['B', 'B', 'R', 'G']]",Needy Player (Blue),NP-Blue (Need=1),True,tile_with_judge_implementation,8,0,0,0,0,70,0,70,0,0,0.5,140,True,False,0,0,0,0,0,0,0,0,0,0,0,0,0,0,0,0,0,0,0,0,0,0,0,0,0,0,0,0,0,0,0,0,0,1,4,,0,0,0,0,0,0,0,0,0,0,0,0,0,0,0,0,0,0,0,0,0,0,0,0,0,0,1,3,0,3,1
FOUR_1-FOUR_1,118,54,ctx1_fog00_p4ptrue_contract_contract_for_finishing_selfish11_opv00,20260527_235139_980007_edb04e7f,default,True,"[False, False]","[False, False]","[['G', 'R', 'R', 'B'], ['B', 'R', 'B', 'B'], ['B', 'R', 'B', 'B'], ['R', 'R', 'R', 'G']]",Needy Player (Blue),NP-Blue (Need=1),True,contract_for_finishing,8,0,0,0,0,70,0,70,0,0,0.5,140,True,False,0,0,0,0,0,0,0,0,0,0,0,0,4,0,4,0,0,0,4,4,0,0,0,0,0,0,0,0,0,0,0,0,0,1,4,,0,0,0,0,0,0,0,0,0,0,0,0,0,0,0,0,0,0,0,0,0,0,0,0,0,0,1,3,0,3,1
FOUR_1-FOUR_1,118,54,ctx1_fog00_p4ptrue_contract_none_selfish11_opv00,20260527_235130_385895_fde6355a,default,True,"[False, False]","[False, False]","[['G', 'R', 'R', 'B'], ['B', 'R', 'B', 'B'], ['B', 'R', 'B', 'B'], ['R', 'R', 'R', 'G']]",Needy Player (Blue),NP-Blue (Need=1),True,,11,0,0,0,0,70,0,70,0,0,0.5,140,True,False,0,0,0,0,0,0,0,0,0,0,0,0,10,0,10,0,0,0,10,10,0,0,0,0,0,0,0,0,0,0,0,0,0,0,0,0.0,0,0,0,0,0,0,0,0,0,0,0,0,0,0,0,0,0,0,0,0,0,0,0,0,0,0,1,3,0,3,1
FOUR_1-FOUR_1,118,54,ctx1_fog00_p4ptrue_contract_strict_selfish11_opv00,20260527_235133_629263_72c75ac0,default,True,"[False, False]","[False, False]","[['G', 'R', 'R', 'B'], ['B', 'R', 'B', 'B'], ['B', 'R', 'B', 'B'], ['R', 'R', 'R', 'G']]",Needy Player (Blue),NP-Blue (Need=1),True,strict,8,0,0,0,0,70,0,70,0,0,0.5,140,True,False,0,0,0,0,0,0,0,0,0,0,0,0,0,0,0,0,0,0,0,0,0,0,0,0,0,0,0,0,0,0,0,0,0,1,3,2.0,1,1,0,0,0,0,0,0,0,0,0,0,0,0,0,0,0,0,0,0,0,0,0,0,0,0,1,3,0,3,1
FOUR_1-FOUR_1,118,54,ctx1_fog00_p4ptrue_contract_tile_with_judge_implementation_selfish11_opv00,20260527_235143_614723_07312c14,default,True,"[False, False]","[False, False]","[['G', 'R', 'R', 'B'], ['B', 'R', 'B', 'B'], ['B', 'R', 'B', 'B'], ['R', 'R', 'R', 'G']]",Needy Player (Blue),NP-Blue (Need=1),True,tile_with_judge_implementation,8,0,0,0,0,70,0,70,0,0,0.5,140,True,False,0,0,0,0,0,0,0,0,0,0,0,0,6,0,6,0,0,0,6,6,0,0,0,0,0,0,0,0,0,0,0,0,0,0,0,0.0,0,0,0,0,0,0,0,0,0,0,0,0,0,0,0,0,0,0,0,0,0,0,0,0,0,0,1,3,0,3,1
FOUR_1-FOUR_1,119,55,ctx1_fog00_p4ptrue_contract_contract_for_finishing_selfish11_opv00,20260527_235208_599979_7fb3aa86,default,True,"[False, False]","[False, False]","[['G', 'B', 'R', 'R'], ['R', 'R', 'R', 'B'], ['B', 'B', 'R', 'R'], ['B', 'B', 'B', 'G']]",Needy Player (Blue),NP-Blue (Need=1),True,contract_for_finishing,8,0,0,0,0,70,0,70,0,0,0.5,140,True,False,0,0,0,0,0,0,0,0,0,0,0,0,6,0,6,0,0,0,6,6,0,0,0,0,0,0,0,0,0,0,0,0,0,1,2,,0,0,0,0,0,0,20,0,0,0,0,0,0,0,0,0,0,0,0,0,0,0,0,0,0,0,1,3,0,3,1
FOUR_1-FOUR_1,119,55,ctx1_fog00_p4ptrue_contract_none_selfish11_opv00,20260527_235157_609443_fcdf994e,default,True,"[False, False]","[False, False]","[['G', 'B', 'R', 'R'], ['R', 'R', 'R', 'B'], ['B', 'B', 'R', 'R'], ['B', 'B', 'B', 'G']]",Needy Player (Blue),NP-Blue (Need=1),True,,8,0,0,0,0,70,0,70,0,0,0.5,140,True,False,0,0,0,0,0,0,0,0,0,0,0,0,7,0,7,0,0,0,7,7,0,0,0,0,0,0,0,0,0,0,0,0,0,0,0,0.0,0,0,0,0,0,0,0,0,0,0,0,0,0,0,0,0,0,0,0,0,0,0,0,0,0,0,1,3,0,3,1
FOUR_1-FOUR_1,119,55,ctx1_fog00_p4ptrue_contract_strict_selfish11_opv00,20260527_235206_849283_35a05dda,default,True,"[False, False]","[False, False]","[['G', 'B', 'R', 'R'], ['R', 'R', 'R', 'B'], ['B', 'B', 'R', 'R'], ['B', 'B', 'B', 'G']]",Needy Player (Blue),NP-Blue (Need=1),True,strict,8,0,0,0,0,70,0,70,0,0,0.5,140,True,False,0,0,0,0,0,0,0,0,0,0,0,0,0,0,0,0,0,0,0,0,0,0,0,0,0,0,0,0,0,0,0,0,0,1,3,3.0,2,1,0,0,0,0,0,0,0,0,0,0,0,0,0,0,0,0,0,0,0,0,0,0,0,0,1,3,0,3,1
FOUR_1-FOUR_1,119,55,ctx1_fog00_p4ptrue_contract_tile_with_judge_implementation_selfish11_opv00,20260527_235240_136475_80481325,default,True,"[False, False]","[False, False]","[['G', 'B', 'R', 'R'], ['R', 'R', 'R', 'B'], ['B', 'B', 'R', 'R'], ['B', 'B', 'B', 'G']]",Needy Player (Blue),NP-Blue (Need=1),True,tile_with_judge_implementation,8,0,0,0,0,70,0,70,0,0,0.5,140,True,False,0,0,0,0,0,0,0,0,0,0,0,0,0,0,0,0,0,0,0,0,0,0,0,0,0,0,0,0,0,0,0,0,0,1,6,,0,0,0,0,0,0,0,0,0,0,0,0,0,0,0,0,0,0,0,0,0,0,0,0,0,0,1,3,0,3,1
FOUR_1-FOUR_1,120,56,ctx1_fog00_p4ptrue_contract_contract_for_finishing_selfish11_opv00,20260527_235310_532295_a83513aa,default,True,"[False, False]","[False, False]","[['G', 'B', 'B', 'B'], ['R', 'B', 'B', 'B'], ['R', 'R', 'R', 'R'], ['R', 'B', 'R', 'G']]",Needy Player (Blue),NP-Blue (Need=1),True,contract_for_finishing,8,0,0,0,0,70,0,70,0,0,0.5,140,True,False,0,0,0,0,0,0,0,0,0,0,0,0,7,0,7,0,0,0,7,7,0,0,0,0,0,0,0,0,0,0,0,0,0,1,2,,0,0,0,0,0,0,0,0,0,0,0,0,0,0,0,0,0,0,0,0,0,0,0,0,0,0,1,3,0,3,1
FOUR_1-FOUR_1,120,56,ctx1_fog00_p4ptrue_contract_none_selfish11_opv00,20260527_235243_952694_be7c9dda,default,True,"[False, False]","[False, False]","[['G', 'B', 'B', 'B'], ['R', 'B', 'B', 'B'], ['R', 'R', 'R', 'R'], ['R', 'B', 'R', 'G']]",Needy Player (Blue),NP-Blue (Need=1),True,,8,0,0,0,0,70,0,70,0,0,0.5,140,True,False,0,0,0,0,0,0,0,0,0,0,0,0,8,0,8,0,0,0,8,8,0,0,0,0,0,0,0,0,0,0,0,0,0,0,0,0.0,0,0,0,0,0,0,0,0,0,0,0,0,0,0,0,0,0,0,0,0,0,0,0,0,0,0,1,3,0,3,1
FOUR_1-FOUR_1,120,56,ctx1_fog00_p4ptrue_contract_strict_selfish11_opv00,20260527_235258_454047_f422f8a8,default,True,"[False, False]","[False, False]","[['G', 'B', 'B', 'B'], ['R', 'B', 'B', 'B'], ['R', 'R', 'R', 'R'], ['R', 'B', 'R', 'G']]",Needy Player (Blue),NP-Blue (Need=1),True,strict,8,1,0,0,1,70,0,70,0,0,0.5,140,True,False,0,0,0,0,0,0,0,0,0,0,0,0,6,0,6,0,0,0,6,6,0,0,0,0,0,0,0,0,0,0,0,0,0,0,0,0.0,0,0,0,0,0,0,0,0,0,0,0,0,0,0,0,0,0,0,0,0,0,0,0,0,0,0,1,3,0,3,1
FOUR_1-FOUR_1,120,56,ctx1_fog00_p4ptrue_contract_tile_with_judge_implementation_selfish11_opv00,20260527_235316_941023_28435f4e,default,True,"[False, False]","[False, False]","[['G', 'B', 'B', 'B'], ['R', 'B', 'B', 'B'], ['R', 'R', 'R', 'R'], ['R', 'B', 'R', 'G']]",Needy Player (Blue),NP-Blue (Need=1),True,tile_with_judge_implementation,8,0,0,0,0,70,0,70,0,0,0.5,140,True,False,0,0,0,0,0,0,0,0,0,0,0,0,0,0,0,0,0,0,0,0,0,0,0,0,0,0,0,0,0,0,0,0,0,1,2,,0,0,0,0,0,0,0,0,0,0,0,0,0,0,0,0,0,0,0,0,0,0,0,0,0,0,1,3,0,3,1
FOUR_1-FOUR_1,121,57,ctx1_fog00_p4ptrue_contract_contract_for_finishing_selfish11_opv00,20260527_235343_775495_dad69914,default,True,"[False, False]","[False, False]","[['G', 'R', 'B', 'B'], ['B', 'R', 'R', 'R'], ['B', 'B', 'R', 'B'], ['R', 'B', 'R', 'G']]",Needy Player (Blue),NP-Blue (Need=1),True,contract_for_finishing,8,0,0,0,0,70,0,70,0,0,0.47142857142857153,140,True,False,0,0,0,0,0,0,0,0,0,0,0,0,5,0,5,0,0,0,5,5,0,0,0,0,0,0,0,0,0,0,0,0,0,1,4,,0,0,0,0,0,0,8,2,0,0,0,0,0,0,0,0,0,0,0,0,0,0,0,0,0,0,1,3,0,3,1
FOUR_1-FOUR_1,121,57,ctx1_fog00_p4ptrue_contract_none_selfish11_opv00,20260527_235326_832783_caafc5bf,default,True,"[False, False]","[False, False]","[['G', 'R', 'B', 'B'], ['B', 'R', 'R', 'R'], ['B', 'B', 'R', 'B'], ['R', 'B', 'R', 'G']]",Needy Player (Blue),NP-Blue (Need=1),True,,8,0,0,0,0,70,0,70,0,0,0.5,140,True,False,0,0,0,0,0,0,0,0,0,0,0,0,5,0,5,0,0,0,5,5,0,0,0,0,0,0,0,0,0,0,0,0,0,0,0,0.0,0,0,0,0,0,0,0,0,0,0,0,0,0,0,0,0,0,0,0,0,0,0,0,0,0,0,1,3,0,3,1
FOUR_1-FOUR_1,121,57,ctx1_fog00_p4ptrue_contract_strict_selfish11_opv00,20260527_235336_088166_aabde5a6,default,True,"[False, False]","[False, False]","[['G', 'R', 'B', 'B'], ['B', 'R', 'R', 'R'], ['B', 'B', 'R', 'B'], ['R', 'B', 'R', 'G']]",Needy Player (Blue),NP-Blue (Need=1),True,strict,8,1,0,0,1,70,0,70,0,0,0.5,140,True,False,0,0,0,0,0,0,0,0,0,0,0,0,0,0,0,0,0,0,0,0,0,0,0,0,0,0,0,0,0,0,0,0,0,1,2,2.0,1,1,0,0,0,0,0,0,0,0,0,0,0,0,0,0,0,0,0,0,0,0,0,0,0,0,1,3,0,3,1
FOUR_1-FOUR_1,121,57,ctx1_fog00_p4ptrue_contract_tile_with_judge_implementation_selfish11_opv00,20260527_235346_270469_d7d74c99,default,True,"[False, False]","[False, False]","[['G', 'R', 'B', 'B'], ['B', 'R', 'R', 'R'], ['B', 'B', 'R', 'B'], ['R', 'B', 'R', 'G']]",Needy Player (Blue),NP-Blue (Need=1),True,tile_with_judge_implementation,6,0,0,0,0,70,0,140,0,0,0.03571428571428581,140,True,True,0,0,0,0,0,0,0,0,0,0,0,0,0,0,0,0,0,0,0,0,0,0,0,0,0,0,0,0,0,0,0,0,0,1,2,,0,0,0,1,0,0,0,0,0,0,0,0,0,0,0,0,0,0,0,0,0,0,0,0,0,0,1,3,0,3,1
FOUR_1-FOUR_1,122,58,ctx1_fog00_p4ptrue_contract_contract_for_finishing_selfish11_opv00,20260527_235431_113130_508365c2,default,True,"[False, False]","[False, False]","[['G', 'B', 'B', 'B'], ['R', 'B', 'B', 'B'], ['R', 'R', 'R', 'R'], ['B', 'R', 'R', 'G']]",Needy Player (Blue),NP-Blue (Need=1),True,contract_for_finishing,8,0,0,0,0,70,0,70,0,0,0.5,140,True,False,0,0,0,0,0,0,0,0,0,0,0,0,5,0,5,0,0,0,5,5,0,0,0,0,0,0,0,0,0,0,0,0,0,1,2,,0,0,0,0,0,0,10,0,0,0,0,0,0,0,0,0,0,0,0,0,0,0,0,0,0,0,1,3,0,3,1
FOUR_1-FOUR_1,122,58,ctx1_fog00_p4ptrue_contract_none_selfish11_opv00,20260527_235422_406559_81f69514,default,True,"[False, False]","[False, False]","[['G', 'B', 'B', 'B'], ['R', 'B', 'B', 'B'], ['R', 'R', 'R', 'R'], ['B', 'R', 'R', 'G']]",Needy Player (Blue),NP-Blue (Need=1),True,,8,0,0,0,0,70,0,70,0,0,0.5,140,True,False,0,0,0,0,0,0,0,0,0,0,0,0,4,0,4,0,0,0,4,4,0,0,0,0,0,0,0,0,0,0,0,0,0,0,0,0.0,0,0,0,0,0,0,0,0,0,0,0,0,0,0,0,0,0,0,0,0,0,0,0,0,0,0,1,3,0,3,1
FOUR_1-FOUR_1,122,58,ctx1_fog00_p4ptrue_contract_strict_selfish11_opv00,20260527_235424_953321_769699f3,default,True,"[False, False]","[False, False]","[['G', 'B', 'B', 'B'], ['R', 'B', 'B', 'B'], ['R', 'R', 'R', 'R'], ['B', 'R', 'R', 'G']]",Needy Player (Blue),NP-Blue (Need=1),True,strict,8,0,0,0,0,70,0,70,0,0,0.5,140,True,False,0,0,0,0,0,0,0,0,0,0,0,0,0,0,0,0,0,0,0,0,0,0,0,0,0,0,0,0,0,0,0,0,0,1,2,2.0,1,1,0,0,0,0,0,0,0,0,0,0,0,0,0,0,0,0,0,0,0,0,0,0,0,0,1,3,0,3,1
FOUR_1-FOUR_1,122,58,ctx1_fog00_p4ptrue_contract_tile_with_judge_implementation_selfish11_opv00,20260527_235436_355017_f0888137,default,True,"[False, False]","[False, False]","[['G', 'B', 'B', 'B'], ['R', 'B', 'B', 'B'], ['R', 'R', 'R', 'R'], ['B', 'R', 'R', 'G']]",Needy Player (Blue),NP-Blue (Need=1),True,tile_with_judge_implementation,8,0,0,0,0,70,0,70,0,0,0.5,140,True,False,0,0,0,0,0,0,0,0,0,0,0,0,8,0,8,0,0,0,8,8,0,0,0,0,0,0,0,0,0,0,0,0,0,0,0,0.0,0,0,0,0,0,0,0,0,0,0,0,0,0,0,0,0,0,0,0,0,0,0,0,0,0,0,1,3,0,3,1
FOUR_1-FOUR_1,123,59,ctx1_fog00_p4ptrue_contract_contract_for_finishing_selfish11_opv00,20260527_235506_173826_7a2f7a24,default,True,"[False, False]","[False, False]","[['G', 'R', 'R', 'R'], ['B', 'B', 'B', 'R'], ['B', 'B', 'B', 'R'], ['B', 'R', 'R', 'G']]",Needy Player (Blue),NP-Blue (Need=1),True,contract_for_finishing,8,0,0,0,0,70,0,70,0,0,0.5,140,True,False,0,0,0,0,0,0,0,0,0,0,0,0,7,0,7,0,0,0,7,7,0,0,0,0,0,0,0,0,0,0,0,0,0,1,3,,0,0,0,0,0,0,5,0,0,0,0,0,0,0,0,0,0,0,0,0,0,0,0,0,0,0,1,3,0,3,1
FOUR_1-FOUR_1,123,59,ctx1_fog00_p4ptrue_contract_none_selfish11_opv00,20260527_235442_355898_ef458ea6,default,True,"[False, False]","[False, False]","[['G', 'R', 'R', 'R'], ['B', 'B', 'B', 'R'], ['B', 'B', 'B', 'R'], ['B', 'R', 'R', 'G']]",Needy Player (Blue),NP-Blue (Need=1),True,,8,0,0,0,0,70,0,70,0,0,0.5,140,True,False,0,0,0,0,0,0,0,0,0,0,0,0,5,0,5,0,0,0,5,5,0,0,0,0,0,0,0,0,0,0,0,0,0,0,0,0.0,0,0,0,0,0,0,0,0,0,0,0,0,0,0,0,0,0,0,0,0,0,0,0,0,0,0,1,3,0,3,1
FOUR_1-FOUR_1,123,59,ctx1_fog00_p4ptrue_contract_strict_selfish11_opv00,20260527_235501_563507_03ab68c5,default,True,"[False, False]","[False, False]","[['G', 'R', 'R', 'R'], ['B', 'B', 'B', 'R'], ['B', 'B', 'B', 'R'], ['B', 'R', 'R', 'G']]",Needy Player (Blue),NP-Blue (Need=1),True,strict,8,0,0,0,0,70,0,70,0,0,0.5,140,True,False,0,0,0,0,0,0,0,0,0,0,0,0,0,0,0,0,0,0,0,0,0,0,0,0,0,0,0,0,0,0,0,0,0,1,2,2.0,1,1,0,0,0,0,0,0,0,0,0,0,0,0,0,0,0,0,0,0,0,0,0,0,0,0,1,3,0,3,1
FOUR_1-FOUR_1,123,59,ctx1_fog00_p4ptrue_contract_tile_with_judge_implementation_selfish11_opv00,20260527_235517_251332_5decf833,default,True,"[False, False]","[False, False]","[['G', 'R', 'R', 'R'], ['B', 'B', 'B', 'R'], ['B', 'B', 'B', 'R'], ['B', 'R', 'R', 'G']]",Needy Player (Blue),NP-Blue (Need=1),True,tile_with_judge_implementation,8,0,0,0,0,70,0,75,0,0,0.5,140,True,False,0,0,0,0,0,0,0,0,0,0,0,0,0,0,0,0,0,0,0,0,0,0,0,0,0,0,0,0,0,0,0,0,0,1,3,,0,0,1,0,0,1,0,0,0,0,0,0,0,0,0,0,0,0,0,0,0,0,0,0,0,0,1,3,0,3,1
